town,flat_type,block,street_name,storey_range,floor_area_sqm,flat_model,lease_commence_date,remaining_lease,resale_price,transaction_year,transaction_month_num,remaining_lease_years,age_of_flat_at_transaction,price_per_sqm
pasir ris,executive,239,pasir ris st 21,10 to 12,147.0,apartment,1993,75 years 07 months,552888.0,2017,1,75,24,3761.1428571428573
pasir ris,executive,116,pasir ris st 11,01 to 03,155.0,maisonette,1989,71 years,598000.0,2017,1,71,28,3858.064516129032
pasir ris,executive,237,pasir ris st 21,10 to 12,161.0,apartment,1993,75 years 06 months,600000.0,2017,1,75,24,3726.7080745341614
pasir ris,executive,108,pasir ris st 12,10 to 12,146.0,maisonette,1988,70 years 08 months,638000.0,2017,1,70,29,4369.86301369863
pasir ris,executive,531,pasir ris dr 1,04 to 06,165.0,maisonette,1992,74 years 11 months,728000.0,2017,1,74,25,4412.121212121212
pasir ris,executive,644,pasir ris dr 10,01 to 03,143.0,apartment,1995,77 years 08 months,505000.0,2017,2,77,22,3531.4685314685316
pasir ris,executive,267,pasir ris st 21,01 to 03,148.0,apartment,1994,76 years 08 months,505000.0,2017,2,76,23,3412.162162162162
pasir ris,executive,710,pasir ris st 72,04 to 06,146.0,apartment,1996,78 years 04 months,530000.0,2017,2,78,21,3630.1369863013697
pasir ris,executive,203,pasir ris st 21,07 to 09,146.0,apartment,1993,75 years 09 months,542000.0,2017,2,75,24,3712.328767123288
pasir ris,executive,651,pasir ris dr 10,10 to 12,149.0,apartment,1995,77 years 07 months,550000.0,2017,2,77,22,3691.2751677852348
pasir ris,executive,246,pasir ris st 21,10 to 12,148.0,apartment,1993,75 years 05 months,561000.0,2017,2,75,24,3790.5405405405404
pasir ris,executive,456,pasir ris dr 4,07 to 09,149.0,apartment,1992,74 years 10 months,583000.0,2017,2,74,25,3912.751677852349
pasir ris,executive,101,pasir ris st 12,04 to 06,146.0,maisonette,1988,70 years 09 months,588000.0,2017,2,70,29,4027.3972602739727
pasir ris,executive,544,pasir ris st 51,10 to 12,143.0,apartment,1992,74 years 10 months,618000.0,2017,2,74,25,4321.6783216783215
pasir ris,executive,448,pasir ris dr 6,07 to 09,154.0,maisonette,1989,71 years 10 months,658000.0,2017,2,71,28,4272.727272727273
pasir ris,executive,779,pasir ris st 71,13 to 15,144.0,apartment,1996,78 years 06 months,670000.0,2017,2,78,21,4652.777777777777
pasir ris,executive,604,elias rd,07 to 09,150.0,apartment,1995,77 years 01 month,690000.0,2017,2,77,22,4600.0
pasir ris,executive,251,pasir ris st 21,04 to 06,150.0,apartment,1993,75 years 04 months,520000.0,2017,3,75,24,3466.6666666666665
pasir ris,executive,156,pasir ris st 13,01 to 03,147.0,apartment,1995,76 years 11 months,530000.0,2017,3,76,22,3605.4421768707484
pasir ris,executive,219,pasir ris st 21,10 to 12,150.0,apartment,1993,75 years 05 months,532500.0,2017,3,75,24,3550.0
pasir ris,executive,208,pasir ris st 21,01 to 03,149.0,apartment,1993,75 years 06 months,538500.0,2017,3,75,24,3614.0939597315437
pasir ris,executive,220,pasir ris st 21,07 to 09,148.0,apartment,1993,75 years 04 months,545000.0,2017,3,75,24,3682.4324324324325
pasir ris,executive,224,pasir ris st 21,07 to 09,148.0,apartment,1993,75 years 04 months,545000.0,2017,3,75,24,3682.4324324324325
pasir ris,executive,245,pasir ris st 21,13 to 15,148.0,apartment,1993,75 years 05 months,570000.0,2017,3,75,24,3851.3513513513512
pasir ris,executive,456,pasir ris dr 4,10 to 12,142.0,apartment,1992,74 years 09 months,595000.0,2017,3,74,25,4190.140845070423
pasir ris,executive,604,elias rd,04 to 06,154.0,apartment,1995,77 years,600000.0,2017,3,77,22,3896.103896103896
pasir ris,executive,101,pasir ris st 12,04 to 06,146.0,maisonette,1988,70 years 08 months,600000.0,2017,3,70,29,4109.58904109589
pasir ris,executive,651,pasir ris dr 10,10 to 12,146.0,apartment,1995,77 years 06 months,618000.0,2017,3,77,22,4232.876712328767
pasir ris,executive,500,pasir ris st 52,07 to 09,144.0,apartment,1993,75 years 09 months,620000.0,2017,3,75,24,4305.555555555556
pasir ris,executive,607,elias rd,01 to 03,154.0,apartment,1995,77 years 04 months,643000.0,2017,3,77,22,4175.324675324675
pasir ris,executive,646,pasir ris dr 10,13 to 15,145.0,apartment,1995,77 years 06 months,646000.0,2017,3,77,22,4455.172413793103
pasir ris,executive,413,pasir ris dr 6,01 to 03,146.0,maisonette,1989,71 years 08 months,658000.0,2017,3,71,28,4506.8493150684935
pasir ris,executive,778,pasir ris st 71,13 to 15,143.0,apartment,1996,78 years 05 months,668000.0,2017,3,78,21,4671.328671328672
pasir ris,executive,422,pasir ris dr 6,10 to 12,151.0,maisonette,1989,71 years 07 months,690000.0,2017,3,71,28,4569.536423841059
pasir ris,executive,505,pasir ris st 52,13 to 15,146.0,apartment,1993,75 years 06 months,700000.0,2017,3,75,24,4794.520547945205
pasir ris,executive,534,pasir ris dr 1,10 to 12,144.0,apartment,1992,74 years 09 months,710000.0,2017,3,74,25,4930.555555555556
pasir ris,executive,422,pasir ris dr 6,07 to 09,153.0,maisonette,1989,71 years 07 months,722000.0,2017,3,71,28,4718.954248366013
pasir ris,executive,533,pasir ris dr 1,07 to 09,145.0,apartment,1992,74 years 09 months,738000.0,2017,3,74,25,5089.6551724137935
pasir ris,executive,224,pasir ris st 21,01 to 03,148.0,apartment,1993,75 years 03 months,470500.0,2017,4,75,24,3179.054054054054
pasir ris,executive,268,pasir ris st 21,01 to 03,145.0,apartment,1994,76 years 06 months,515000.0,2017,4,76,23,3551.7241379310344
pasir ris,executive,269,pasir ris st 21,04 to 06,144.0,apartment,1994,76 years 06 months,523000.0,2017,4,76,23,3631.9444444444443
pasir ris,executive,246,pasir ris st 21,07 to 09,147.0,apartment,1993,75 years 04 months,540000.0,2017,4,75,24,3673.469387755102
pasir ris,executive,224,pasir ris st 21,07 to 09,149.0,apartment,1993,75 years 03 months,545000.0,2017,4,75,24,3657.718120805369
pasir ris,executive,648,pasir ris dr 10,07 to 09,145.0,apartment,1995,77 years 04 months,553000.0,2017,4,77,22,3813.793103448276
pasir ris,executive,158,pasir ris st 13,04 to 06,149.0,apartment,1995,76 years 10 months,585000.0,2017,4,76,22,3926.1744966442952
pasir ris,executive,504,pasir ris st 52,07 to 09,144.0,apartment,1993,75 years 05 months,618000.0,2017,4,75,24,4291.666666666667
pasir ris,executive,780,pasir ris st 71,04 to 06,143.0,apartment,1996,78 years 04 months,630000.0,2017,4,78,21,4405.5944055944055
pasir ris,executive,782,pasir ris st 71,04 to 06,143.0,apartment,1996,78 years 04 months,636000.0,2017,4,78,21,4447.552447552447
pasir ris,executive,609,elias rd,01 to 03,149.0,apartment,1995,77 years 04 months,640000.0,2017,4,77,22,4295.302013422819
pasir ris,executive,778,pasir ris st 71,07 to 09,143.0,apartment,1996,78 years 04 months,650000.0,2017,4,78,21,4545.454545454545
pasir ris,executive,583,pasir ris st 53,04 to 06,145.0,apartment,1995,77 years 07 months,668000.0,2017,4,77,22,4606.896551724138
pasir ris,executive,454,pasir ris dr 6,04 to 06,146.0,maisonette,1989,71 years 07 months,690000.0,2017,4,71,28,4726.027397260274
pasir ris,executive,408,pasir ris dr 6,04 to 06,145.0,maisonette,1990,72 years,700000.0,2017,4,72,27,4827.586206896552
pasir ris,executive,422,pasir ris dr 6,10 to 12,155.0,maisonette,1989,71 years 06 months,722000.0,2017,4,71,28,4658.064516129032
pasir ris,executive,248,pasir ris st 21,10 to 12,150.0,apartment,1993,75 years 02 months,520000.0,2017,5,75,24,3466.6666666666665
pasir ris,executive,240,pasir ris st 21,10 to 12,146.0,apartment,1993,75 years 02 months,538000.0,2017,5,75,24,3684.931506849315
pasir ris,executive,210,pasir ris st 21,10 to 12,147.0,apartment,1993,75 years 04 months,545000.0,2017,5,75,24,3707.482993197279
pasir ris,executive,241,pasir ris st 21,07 to 09,158.0,apartment,1993,75 years 02 months,555000.0,2017,5,75,24,3512.6582278481014
pasir ris,executive,456,pasir ris dr 4,04 to 06,146.0,apartment,1992,74 years 07 months,560000.0,2017,5,74,25,3835.6164383561645
pasir ris,executive,247,pasir ris st 21,07 to 09,149.0,apartment,1993,75 years 02 months,565000.0,2017,5,75,24,3791.9463087248323
pasir ris,executive,157,pasir ris st 13,07 to 09,152.0,apartment,1995,76 years 09 months,600000.0,2017,5,76,22,3947.3684210526317
pasir ris,executive,101,pasir ris st 12,10 to 12,146.0,maisonette,1988,70 years 06 months,619000.0,2017,5,70,29,4239.726027397261
pasir ris,executive,204,pasir ris st 21,07 to 09,147.0,apartment,1993,75 years 04 months,620000.0,2017,5,75,24,4217.687074829932
pasir ris,executive,538,pasir ris st 51,10 to 12,144.0,apartment,1992,74 years 07 months,620000.0,2017,5,74,25,4305.555555555556
pasir ris,executive,715,pasir ris st 72,13 to 15,148.0,apartment,1996,78 years 01 month,625000.0,2017,5,78,21,4222.972972972973
pasir ris,executive,422,pasir ris dr 6,10 to 12,151.0,maisonette,1989,71 years 05 months,660000.0,2017,5,71,28,4370.860927152318
pasir ris,executive,604,elias rd,13 to 15,149.0,apartment,1995,76 years 10 months,685000.0,2017,5,76,22,4597.315436241611
pasir ris,executive,534,pasir ris dr 1,07 to 09,146.0,apartment,1992,74 years 07 months,695000.0,2017,5,74,25,4760.273972602739
pasir ris,executive,547,pasir ris st 51,10 to 12,149.0,maisonette,1992,74 years 07 months,700000.0,2017,5,74,25,4697.986577181208
pasir ris,executive,408,pasir ris dr 6,10 to 12,147.0,maisonette,1990,71 years 11 months,740000.0,2017,5,71,27,5034.013605442177
pasir ris,executive,534,pasir ris dr 1,10 to 12,154.0,maisonette,1992,74 years 07 months,765000.0,2017,5,74,25,4967.532467532467
pasir ris,executive,240,pasir ris st 21,01 to 03,146.0,apartment,1993,75 years 01 month,505000.0,2017,6,75,24,3458.904109589041
pasir ris,executive,241,pasir ris st 21,07 to 09,158.0,apartment,1993,75 years 01 month,565000.0,2017,6,75,24,3575.9493670886077
pasir ris,executive,236,pasir ris st 21,10 to 12,148.0,apartment,1993,75 years 01 month,570000.0,2017,6,75,24,3851.3513513513512
pasir ris,executive,223,pasir ris st 21,04 to 06,147.0,apartment,1993,75 years 01 month,590000.0,2017,6,75,24,4013.605442176871
pasir ris,executive,210,pasir ris st 21,10 to 12,148.0,apartment,1993,75 years 03 months,610000.0,2017,6,75,24,4121.621621621622
pasir ris,executive,218,pasir ris st 21,04 to 06,149.0,apartment,1993,75 years 02 months,620000.0,2017,6,75,24,4161.073825503356
pasir ris,executive,508,pasir ris st 52,10 to 12,145.0,apartment,1993,75 years 03 months,630000.0,2017,6,75,24,4344.827586206897
pasir ris,executive,408,pasir ris dr 6,04 to 06,147.0,maisonette,1990,71 years 10 months,645000.0,2017,6,71,27,4387.755102040816
pasir ris,executive,541,pasir ris st 51,10 to 12,144.0,apartment,1992,74 years 06 months,670000.0,2017,6,74,25,4652.777777777777
pasir ris,executive,501,pasir ris st 52,10 to 12,146.0,apartment,1993,75 years 06 months,682000.0,2017,6,75,24,4671.232876712329
pasir ris,executive,578,pasir ris st 53,10 to 12,144.0,apartment,1995,77 years 04 months,708000.0,2017,6,77,22,4916.666666666667
pasir ris,executive,547,pasir ris st 51,10 to 12,147.0,apartment,1992,74 years 06 months,728000.0,2017,6,74,25,4952.380952380952
pasir ris,executive,540,pasir ris st 51,10 to 12,144.0,apartment,1992,74 years 06 months,740000.0,2017,6,74,25,5138.888888888889
pasir ris,executive,236,pasir ris st 21,04 to 06,146.0,apartment,1993,75 years,520000.0,2017,7,75,24,3561.6438356164385
pasir ris,executive,218,pasir ris st 21,07 to 09,147.0,apartment,1993,75 years,535000.0,2017,7,75,24,3639.4557823129253
pasir ris,executive,160,pasir ris st 13,01 to 03,146.0,apartment,1995,76 years 07 months,540000.0,2017,7,76,22,3698.6301369863013
pasir ris,executive,206,pasir ris st 21,01 to 03,148.0,apartment,1993,75 years 02 months,540000.0,2017,7,75,24,3648.6486486486488
pasir ris,executive,136,pasir ris st 11,07 to 09,147.0,apartment,1994,76 years 03 months,580000.0,2017,7,76,23,3945.578231292517
pasir ris,executive,646,pasir ris dr 10,07 to 09,146.0,apartment,1995,77 years 03 months,595000.0,2017,7,77,22,4075.3424657534247
pasir ris,executive,250,pasir ris st 21,13 to 15,149.0,apartment,1993,75 years,595000.0,2017,7,75,24,3993.288590604027
pasir ris,executive,717,pasir ris st 72,04 to 06,146.0,apartment,1996,78 years,600000.0,2017,7,78,21,4109.58904109589
pasir ris,executive,603,elias rd,04 to 06,149.0,maisonette,1995,76 years 08 months,630000.0,2017,7,76,22,4228.187919463087
pasir ris,executive,457,pasir ris dr 4,10 to 12,147.0,apartment,1992,74 years 05 months,635000.0,2017,7,74,25,4319.727891156463
pasir ris,executive,101,pasir ris st 12,10 to 12,146.0,maisonette,1988,70 years 04 months,635000.0,2017,7,70,29,4349.315068493151
pasir ris,executive,235,pasir ris st 21,10 to 12,146.0,apartment,1993,75 years,643880.0,2017,7,75,24,4410.13698630137
pasir ris,executive,116,pasir ris st 11,01 to 03,145.0,maisonette,1989,70 years 06 months,660000.0,2017,7,70,28,4551.724137931034
pasir ris,executive,585,pasir ris st 53,04 to 06,146.0,maisonette,1995,77 years 04 months,668888.0,2017,7,77,22,4581.424657534247
pasir ris,executive,408,pasir ris dr 6,10 to 12,147.0,maisonette,1990,71 years 09 months,778000.0,2017,7,71,27,5292.517006802721
pasir ris,executive,204,pasir ris st 21,01 to 03,147.0,apartment,1993,75 years 01 month,520000.0,2017,8,75,24,3537.4149659863947
pasir ris,executive,206,pasir ris st 21,04 to 06,147.0,apartment,1993,75 years 02 months,550000.0,2017,8,75,24,3741.496598639456
pasir ris,executive,244,pasir ris st 21,07 to 09,148.0,apartment,1993,74 years 11 months,560000.0,2017,8,74,24,3783.7837837837837
pasir ris,executive,239,pasir ris st 21,13 to 15,147.0,apartment,1993,74 years 11 months,575000.0,2017,8,74,24,3911.5646258503402
pasir ris,executive,463,pasir ris st 41,01 to 03,144.0,apartment,1992,74 years 04 months,580000.0,2017,8,74,25,4027.777777777778
pasir ris,executive,601,elias rd,04 to 06,149.0,apartment,1995,76 years 07 months,602888.0,2017,8,76,22,4046.228187919463
pasir ris,executive,454,pasir ris dr 6,01 to 03,154.0,maisonette,1989,71 years 03 months,609999.0,2017,8,71,28,3961.0324675324673
pasir ris,executive,128,pasir ris st 11,04 to 06,146.0,maisonette,1988,70 years 03 months,640000.0,2017,8,70,29,4383.561643835616
pasir ris,executive,537,pasir ris st 51,04 to 06,149.0,maisonette,1992,74 years 04 months,670000.0,2017,8,74,25,4496.644295302013
pasir ris,executive,459,pasir ris dr 4,10 to 12,146.0,apartment,1992,74 years 04 months,678000.0,2017,8,74,25,4643.835616438356
pasir ris,executive,466,pasir ris st 41,04 to 06,156.0,maisonette,1992,74 years 04 months,690000.0,2017,8,74,25,4423.076923076923
pasir ris,executive,586,pasir ris st 53,07 to 09,146.0,apartment,1995,77 years 02 months,768000.0,2017,8,77,22,5260.273972602739
pasir ris,executive,235,pasir ris st 21,04 to 06,146.0,apartment,1993,74 years 10 months,512000.0,2017,9,74,24,3506.849315068493
pasir ris,executive,136,pasir ris st 11,01 to 03,149.0,apartment,1994,76 years 01 month,542000.0,2017,9,76,23,3637.5838926174497
pasir ris,executive,717,pasir ris st 72,04 to 06,148.0,apartment,1996,77 years 09 months,550000.0,2017,9,77,21,3716.2162162162163
pasir ris,executive,205,pasir ris st 21,04 to 06,148.0,apartment,1993,75 years,560000.0,2017,9,75,24,3783.7837837837837
pasir ris,executive,717,pasir ris st 72,07 to 09,148.0,apartment,1996,77 years 09 months,580000.0,2017,9,77,21,3918.9189189189187
pasir ris,executive,645,pasir ris dr 10,10 to 12,149.0,apartment,1995,77 years 01 month,583000.0,2017,9,77,22,3912.751677852349
pasir ris,executive,460,pasir ris dr 4,10 to 12,142.0,apartment,1992,74 years 04 months,621000.0,2017,9,74,25,4373.239436619719
pasir ris,executive,249,pasir ris st 21,10 to 12,150.0,apartment,1993,74 years 10 months,640000.0,2017,9,74,24,4266.666666666667
pasir ris,executive,408,pasir ris dr 6,04 to 06,145.0,maisonette,1990,71 years 07 months,718000.0,2017,9,71,27,4951.724137931034
pasir ris,executive,533,pasir ris dr 1,07 to 09,145.0,apartment,1992,74 years 03 months,750000.0,2017,9,74,25,5172.413793103448
pasir ris,executive,710,pasir ris st 72,01 to 03,145.0,maisonette,1996,77 years 09 months,500000.0,2017,10,77,21,3448.2758620689656
pasir ris,executive,208,pasir ris st 21,10 to 12,148.0,apartment,1993,75 years 02 months,520000.0,2017,10,75,24,3513.5135135135133
pasir ris,executive,210,pasir ris st 21,01 to 03,149.0,apartment,1993,74 years 11 months,525000.0,2017,10,74,24,3523.489932885906
pasir ris,executive,247,pasir ris st 21,10 to 12,147.0,apartment,1993,74 years 09 months,570000.0,2017,10,74,24,3877.5510204081634
pasir ris,executive,250,pasir ris st 21,04 to 06,149.0,apartment,1993,74 years 09 months,570000.0,2017,10,74,24,3825.503355704698
pasir ris,executive,108,pasir ris st 12,04 to 06,146.0,maisonette,1988,69 years 11 months,575000.0,2017,10,69,29,3938.3561643835615
pasir ris,executive,158,pasir ris st 13,04 to 06,152.0,apartment,1995,76 years 04 months,582000.0,2017,10,76,22,3828.9473684210525
pasir ris,executive,712,pasir ris st 72,04 to 06,148.0,apartment,1996,77 years 08 months,585000.0,2017,10,77,21,3952.7027027027025
pasir ris,executive,710,pasir ris st 72,13 to 15,148.0,apartment,1996,77 years 08 months,590000.0,2017,10,77,21,3986.4864864864867
pasir ris,executive,605,elias rd,04 to 06,149.0,apartment,1995,76 years 05 months,630000.0,2017,10,76,22,4228.187919463087
pasir ris,executive,782,pasir ris st 71,01 to 03,143.0,apartment,1996,77 years 10 months,635000.0,2017,10,77,21,4440.55944055944
pasir ris,executive,607,elias rd,01 to 03,149.0,apartment,1995,76 years 09 months,640000.0,2017,10,76,22,4295.302013422819
pasir ris,executive,714,pasir ris st 72,13 to 15,143.0,apartment,1996,77 years 08 months,650000.0,2017,10,77,21,4545.454545454545
pasir ris,executive,608,elias rd,04 to 06,155.0,apartment,1995,76 years 09 months,652000.0,2017,10,76,22,4206.451612903225
pasir ris,executive,502,pasir ris st 52,10 to 12,146.0,apartment,1993,75 years 02 months,658000.0,2017,10,75,24,4506.8493150684935
pasir ris,executive,509,pasir ris st 52,13 to 15,146.0,apartment,1993,74 years 11 months,660000.0,2017,10,74,24,4520.54794520548
pasir ris,executive,582,pasir ris st 53,07 to 09,146.0,apartment,1995,77 years,665000.0,2017,10,77,22,4554.7945205479455
pasir ris,executive,505,pasir ris st 52,07 to 09,145.0,apartment,1993,75 years 01 month,672000.0,2017,10,75,24,4634.482758620689
pasir ris,executive,422,pasir ris dr 6,10 to 12,151.0,maisonette,1989,71 years 01 month,695000.0,2017,10,71,28,4602.649006622517
pasir ris,executive,537,pasir ris st 51,13 to 15,144.0,apartment,1992,74 years 02 months,755000.0,2017,10,74,25,5243.055555555556
pasir ris,executive,532,pasir ris dr 1,07 to 09,144.0,apartment,1992,74 years 02 months,765000.0,2017,10,74,25,5312.5
pasir ris,executive,247,pasir ris st 21,07 to 09,150.0,apartment,1993,74 years 08 months,525000.0,2017,11,74,24,3500.0
pasir ris,executive,716,pasir ris st 72,04 to 06,147.0,apartment,1996,77 years 07 months,540000.0,2017,11,77,21,3673.469387755102
pasir ris,executive,246,pasir ris st 21,01 to 03,148.0,apartment,1993,74 years 08 months,550000.0,2017,11,74,24,3716.2162162162163
pasir ris,executive,248,pasir ris st 21,07 to 09,147.0,apartment,1993,74 years 08 months,550000.0,2017,11,74,24,3741.496598639456
pasir ris,executive,129,pasir ris st 11,07 to 09,151.0,maisonette,1988,70 years 02 months,555000.0,2017,11,70,29,3675.4966887417218
pasir ris,executive,209,pasir ris st 21,10 to 12,148.0,apartment,1993,74 years 10 months,565000.0,2017,11,74,24,3817.5675675675675
pasir ris,executive,101,pasir ris st 12,01 to 03,146.0,maisonette,1988,70 years,575000.0,2017,11,70,29,3938.3561643835615
pasir ris,executive,649,pasir ris dr 10,07 to 09,146.0,apartment,1995,76 years 10 months,577000.0,2017,11,76,22,3952.054794520548
pasir ris,executive,465,pasir ris st 41,04 to 06,146.0,apartment,1992,73 years 11 months,590000.0,2017,11,73,25,4041.095890410959
pasir ris,executive,547,pasir ris st 51,01 to 03,143.0,apartment,1992,73 years 11 months,620000.0,2017,11,73,25,4335.664335664335
pasir ris,executive,101,pasir ris st 12,10 to 12,146.0,maisonette,1988,70 years,638000.0,2017,11,70,29,4369.86301369863
pasir ris,executive,500,pasir ris st 52,04 to 06,144.0,apartment,1993,75 years 01 month,665000.0,2017,11,75,24,4618.055555555556
pasir ris,executive,537,pasir ris st 51,04 to 06,148.0,maisonette,1992,73 years 11 months,755000.0,2017,11,73,25,5101.351351351352
pasir ris,executive,601,elias rd,10 to 12,150.0,apartment,1995,76 years 03 months,680000.0,2017,12,76,22,4533.333333333333
pasir ris,executive,532,pasir ris dr 1,13 to 15,144.0,apartment,1992,74 years,758000.0,2017,12,74,25,5263.888888888889
pasir ris,executive,531,pasir ris dr 1,01 to 03,148.0,maisonette,1992,74 years,690000.0,2017,12,74,25,4662.1621621621625
pasir ris,executive,651,pasir ris dr 10,04 to 06,143.0,apartment,1995,76 years 10 months,530000.0,2017,12,76,22,3706.2937062937062
pasir ris,executive,241,pasir ris st 21,07 to 09,158.0,apartment,1993,74 years 07 months,570000.0,2017,12,74,24,3607.5949367088606
pasir ris,executive,223,pasir ris st 21,04 to 06,149.0,apartment,1993,74 years 07 months,635000.0,2017,12,74,24,4261.744966442953
pasir ris,executive,243,pasir ris st 21,01 to 03,150.0,apartment,1993,74 years 07 months,530000.0,2017,12,74,24,3533.3333333333335
pasir ris,executive,237,pasir ris st 21,13 to 15,146.0,apartment,1993,74 years 07 months,580000.0,2017,12,74,24,3972.6027397260273
pasir ris,executive,509,pasir ris st 52,01 to 03,146.0,apartment,1993,74 years 09 months,602000.0,2017,12,74,24,4123.287671232877
pasir ris,executive,711,pasir ris st 72,01 to 03,149.0,apartment,1996,77 years 06 months,525000.0,2017,12,77,21,3523.489932885906
pasir ris,executive,716,pasir ris st 72,01 to 03,147.0,apartment,1996,77 years 06 months,518000.0,2018,1,77,22,3523.809523809524
pasir ris,executive,506,pasir ris st 52,01 to 03,145.0,apartment,1993,74 years 09 months,520000.0,2018,1,74,25,3586.206896551724
pasir ris,executive,239,pasir ris st 21,10 to 12,146.0,apartment,1993,74 years 07 months,550000.0,2018,1,74,25,3767.123287671233
pasir ris,executive,251,pasir ris st 21,04 to 06,149.0,apartment,1993,74 years 06 months,550000.0,2018,1,74,25,3691.2751677852348
pasir ris,executive,208,pasir ris st 21,01 to 03,147.0,apartment,1993,74 years 09 months,580000.0,2018,1,74,25,3945.578231292517
pasir ris,executive,123,pasir ris st 11,01 to 03,147.0,maisonette,1988,69 years 07 months,590000.0,2018,1,69,30,4013.605442176871
pasir ris,executive,603,elias rd,01 to 03,149.0,maisonette,1995,76 years 02 months,605000.0,2018,1,76,23,4060.4026845637586
pasir ris,executive,500,pasir ris st 52,04 to 06,146.0,apartment,1993,75 years,635000.0,2018,1,75,25,4349.315068493151
pasir ris,executive,605,elias rd,07 to 09,154.0,apartment,1995,76 years 02 months,645000.0,2018,1,76,23,4188.311688311688
pasir ris,executive,424,pasir ris dr 6,01 to 03,153.0,maisonette,1989,70 years 08 months,680000.0,2018,1,70,29,4444.444444444444
pasir ris,executive,448,pasir ris dr 6,04 to 06,146.0,maisonette,1989,70 years 11 months,680000.0,2018,1,70,29,4657.534246575343
pasir ris,executive,651,pasir ris dr 10,04 to 06,148.0,apartment,1995,76 years 07 months,550000.0,2018,2,76,23,3716.2162162162163
pasir ris,executive,235,pasir ris st 21,10 to 12,146.0,apartment,1993,74 years 05 months,575000.0,2018,2,74,25,3938.3561643835615
pasir ris,executive,647,pasir ris dr 10,07 to 09,148.0,apartment,1995,76 years 07 months,580000.0,2018,2,76,23,3918.9189189189187
pasir ris,executive,456,pasir ris dr 4,01 to 03,142.0,apartment,1992,73 years 10 months,585000.0,2018,2,73,26,4119.718309859155
pasir ris,executive,504,pasir ris st 52,04 to 06,145.0,apartment,1993,74 years 07 months,588000.0,2018,2,74,25,4055.1724137931033
pasir ris,executive,251,pasir ris st 21,04 to 06,145.0,apartment,1993,74 years 05 months,605000.0,2018,2,74,25,4172.413793103448
pasir ris,executive,780,pasir ris st 71,07 to 09,143.0,apartment,1996,77 years 06 months,650000.0,2018,2,77,22,4545.454545454545
pasir ris,executive,583,pasir ris st 53,10 to 12,147.0,apartment,1995,76 years 08 months,805000.0,2018,2,76,23,5476.190476190476
pasir ris,executive,408,pasir ris dr 6,10 to 12,147.0,maisonette,1990,71 years 02 months,808000.0,2018,2,71,28,5496.598639455782
pasir ris,executive,465,pasir ris st 41,01 to 03,144.0,apartment,1992,73 years 10 months,500000.0,2018,3,73,26,3472.222222222222
pasir ris,executive,710,pasir ris st 72,04 to 06,148.0,apartment,1996,77 years 03 months,530000.0,2018,3,77,22,3581.0810810810813
pasir ris,executive,712,pasir ris st 72,07 to 09,148.0,apartment,1996,77 years 03 months,540000.0,2018,3,77,22,3648.6486486486488
pasir ris,executive,205,pasir ris st 21,04 to 06,147.0,apartment,1993,74 years 06 months,543000.0,2018,3,74,25,3693.877551020408
pasir ris,executive,238,pasir ris st 21,07 to 09,147.0,apartment,1993,74 years 04 months,550000.0,2018,3,74,25,3741.496598639456
pasir ris,executive,217,pasir ris st 21,10 to 12,147.0,apartment,1993,74 years 04 months,553000.0,2018,3,74,25,3761.904761904762
pasir ris,executive,220,pasir ris st 21,04 to 06,152.0,apartment,1993,74 years 04 months,555000.0,2018,3,74,25,3651.315789473684
pasir ris,executive,240,pasir ris st 21,07 to 09,150.0,apartment,1993,74 years 04 months,558000.0,2018,3,74,25,3720.0
pasir ris,executive,267,pasir ris st 21,04 to 06,144.0,apartment,1994,75 years 07 months,570000.0,2018,3,75,24,3958.3333333333335
pasir ris,executive,153,pasir ris st 13,07 to 09,144.0,apartment,1995,75 years 11 months,575000.0,2018,3,75,23,3993.0555555555557
pasir ris,executive,132,pasir ris st 11,04 to 06,149.0,apartment,1994,75 years 08 months,577000.0,2018,3,75,24,3872.48322147651
pasir ris,executive,101,pasir ris st 12,01 to 03,149.0,maisonette,1988,69 years 08 months,585000.0,2018,3,69,30,3926.1744966442952
pasir ris,executive,219,pasir ris st 21,07 to 09,150.0,apartment,1993,74 years 04 months,585000.0,2018,3,74,25,3900.0
pasir ris,executive,130,pasir ris st 11,04 to 06,149.0,apartment,1994,75 years 01 month,590000.0,2018,3,75,24,3959.731543624161
pasir ris,executive,157,pasir ris st 13,01 to 03,159.0,apartment,1995,75 years 11 months,595000.0,2018,3,75,23,3742.1383647798743
pasir ris,executive,219,pasir ris st 21,07 to 09,148.0,apartment,1993,74 years 04 months,598000.0,2018,3,74,25,4040.5405405405404
pasir ris,executive,221,pasir ris st 21,10 to 12,149.0,apartment,1993,74 years 04 months,600000.0,2018,3,74,25,4026.8456375838928
pasir ris,executive,717,pasir ris st 72,07 to 09,143.0,apartment,1996,77 years 03 months,600000.0,2018,3,77,22,4195.804195804196
pasir ris,executive,642,pasir ris dr 10,10 to 12,145.0,apartment,1995,76 years 06 months,650000.0,2018,3,76,23,4482.758620689655
pasir ris,executive,711,pasir ris st 72,07 to 09,145.0,maisonette,1996,77 years 03 months,650000.0,2018,3,77,22,4482.758620689655
pasir ris,executive,605,elias rd,10 to 12,150.0,apartment,1995,76 years,680000.0,2018,3,76,23,4533.333333333333
pasir ris,executive,510,pasir ris st 52,13 to 15,146.0,apartment,1993,74 years 07 months,700000.0,2018,3,74,25,4794.520547945205
pasir ris,executive,243,pasir ris st 21,04 to 06,150.0,apartment,1993,74 years 03 months,500000.0,2018,4,74,25,3333.3333333333335
pasir ris,executive,221,pasir ris st 21,04 to 06,148.0,apartment,1993,74 years 03 months,510000.0,2018,4,74,25,3445.945945945946
pasir ris,executive,240,pasir ris st 21,04 to 06,146.0,apartment,1993,74 years 03 months,519000.0,2018,4,74,25,3554.794520547945
pasir ris,executive,271,pasir ris st 21,04 to 06,146.0,apartment,1994,75 years 07 months,520000.0,2018,4,75,24,3561.6438356164385
pasir ris,executive,642,pasir ris dr 10,04 to 06,148.0,apartment,1995,76 years 04 months,560000.0,2018,4,76,23,3783.7837837837837
pasir ris,executive,717,pasir ris st 72,04 to 06,143.0,apartment,1996,77 years 02 months,575000.0,2018,4,77,22,4020.979020979021
pasir ris,executive,645,pasir ris dr 10,07 to 09,149.0,apartment,1995,76 years 05 months,593000.0,2018,4,76,23,3979.8657718120803
pasir ris,executive,501,pasir ris st 52,01 to 03,145.0,apartment,1993,74 years 09 months,595000.0,2018,4,74,25,4103.448275862069
pasir ris,executive,219,pasir ris st 21,04 to 06,148.0,apartment,1993,74 years 03 months,600000.0,2018,4,74,25,4054.054054054054
pasir ris,executive,504,pasir ris st 52,01 to 03,146.0,apartment,1993,74 years 05 months,610000.0,2018,4,74,25,4178.082191780822
pasir ris,executive,241,pasir ris st 21,07 to 09,158.0,apartment,1993,74 years 04 months,610000.0,2018,4,74,25,3860.759493670886
pasir ris,executive,715,pasir ris st 72,10 to 12,148.0,apartment,1996,77 years 02 months,630000.0,2018,4,77,22,4256.756756756757
pasir ris,executive,550,pasir ris st 51,07 to 09,144.0,apartment,1992,73 years 08 months,640000.0,2018,4,73,26,4444.444444444444
pasir ris,executive,418,pasir ris dr 6,04 to 06,149.0,maisonette,1989,70 years,650000.0,2018,4,70,29,4362.416107382551
pasir ris,executive,502,pasir ris st 52,04 to 06,147.0,apartment,1993,74 years 08 months,675000.0,2018,4,74,25,4591.836734693878
pasir ris,executive,579,pasir ris st 53,04 to 06,145.0,apartment,1995,76 years 07 months,685000.0,2018,4,76,23,4724.137931034483
pasir ris,executive,408,pasir ris dr 6,04 to 06,152.0,maisonette,1990,71 years,700000.0,2018,4,71,28,4605.263157894737
pasir ris,executive,464,pasir ris st 41,07 to 09,148.0,maisonette,1992,73 years 08 months,706000.0,2018,4,73,26,4770.27027027027
pasir ris,executive,542,pasir ris st 51,01 to 03,147.0,maisonette,1992,73 years 09 months,710000.0,2018,4,73,26,4829.931972789115
pasir ris,executive,538,pasir ris st 51,13 to 15,144.0,apartment,1992,73 years 08 months,718888.0,2018,4,73,26,4992.277777777777
pasir ris,executive,548,pasir ris st 51,07 to 09,144.0,apartment,1992,73 years 08 months,720000.0,2018,4,73,26,5000.0
pasir ris,executive,586,pasir ris st 53,04 to 06,148.0,apartment,1995,76 years 06 months,738000.0,2018,4,76,23,4986.486486486487
pasir ris,executive,540,pasir ris st 51,07 to 09,144.0,apartment,1992,73 years 08 months,750000.0,2018,4,73,26,5208.333333333333
pasir ris,executive,137,pasir ris st 11,01 to 03,149.0,apartment,1994,74 years 11 months,525000.0,2018,5,74,24,3523.489932885906
pasir ris,executive,243,pasir ris st 21,07 to 09,149.0,apartment,1993,74 years 02 months,525000.0,2018,5,74,25,3523.489932885906
pasir ris,executive,217,pasir ris st 21,01 to 03,147.0,apartment,1993,74 years 03 months,530000.0,2018,5,74,25,3605.4421768707484
pasir ris,executive,123,pasir ris st 11,01 to 03,147.0,maisonette,1988,69 years 04 months,545000.0,2018,5,69,30,3707.482993197279
pasir ris,executive,134,pasir ris st 11,07 to 09,145.0,apartment,1994,74 years 11 months,545000.0,2018,5,74,24,3758.6206896551726
pasir ris,executive,650,pasir ris dr 10,04 to 06,148.0,apartment,1995,76 years 04 months,550000.0,2018,5,76,23,3716.2162162162163
pasir ris,executive,206,pasir ris st 21,10 to 12,148.0,apartment,1993,74 years 05 months,570000.0,2018,5,74,25,3851.3513513513512
pasir ris,executive,266,pasir ris st 21,01 to 03,146.0,apartment,1994,75 years 05 months,580000.0,2018,5,75,24,3972.6027397260273
pasir ris,executive,131,pasir ris st 11,04 to 06,147.0,apartment,1994,75 years 06 months,605000.0,2018,5,75,24,4115.646258503401
pasir ris,executive,781,pasir ris st 71,01 to 03,143.0,apartment,1996,77 years 03 months,630000.0,2018,5,77,22,4405.5944055944055
pasir ris,executive,500,pasir ris st 52,07 to 09,146.0,apartment,1993,74 years 07 months,648000.0,2018,5,74,25,4438.356164383562
pasir ris,executive,447,pasir ris dr 6,01 to 03,147.0,maisonette,1989,70 years 07 months,660000.0,2018,5,70,29,4489.7959183673465
pasir ris,executive,547,pasir ris st 51,04 to 06,148.0,maisonette,1992,73 years 07 months,660000.0,2018,5,73,26,4459.459459459459
pasir ris,executive,602,elias rd,10 to 12,150.0,apartment,1995,75 years 10 months,665000.0,2018,5,75,23,4433.333333333333
pasir ris,executive,460,pasir ris dr 4,07 to 09,144.0,apartment,1992,73 years 07 months,668000.0,2018,5,73,26,4638.888888888889
pasir ris,executive,581,pasir ris st 53,04 to 06,148.0,apartment,1995,76 years 06 months,683000.0,2018,5,76,23,4614.864864864865
pasir ris,executive,454,pasir ris dr 6,01 to 03,146.0,maisonette,1989,70 years 07 months,700000.0,2018,5,70,29,4794.520547945205
pasir ris,executive,550,pasir ris st 51,10 to 12,144.0,apartment,1992,73 years 08 months,710000.0,2018,5,73,26,4930.555555555556
pasir ris,executive,471,pasir ris dr 6,01 to 03,147.0,maisonette,1989,70 years 02 months,725000.0,2018,5,70,29,4931.972789115646
pasir ris,executive,532,pasir ris dr 1,04 to 06,149.0,apartment,1992,73 years 08 months,745000.0,2018,5,73,26,5000.0
pasir ris,executive,586,pasir ris st 53,01 to 03,145.0,apartment,1995,76 years 05 months,750000.0,2018,5,76,23,5172.413793103448
pasir ris,executive,237,pasir ris st 21,04 to 06,146.0,apartment,1993,74 years 01 month,510000.0,2018,6,74,25,3493.150684931507
pasir ris,executive,222,pasir ris st 21,01 to 03,148.0,apartment,1993,74 years 03 months,540000.0,2018,6,74,25,3648.6486486486488
pasir ris,executive,711,pasir ris st 72,04 to 06,148.0,apartment,1996,77 years,540000.0,2018,6,77,22,3648.6486486486488
pasir ris,executive,650,pasir ris dr 10,01 to 03,146.0,apartment,1995,76 years 04 months,543000.0,2018,6,76,23,3719.178082191781
pasir ris,executive,130,pasir ris st 11,01 to 03,149.0,apartment,1994,74 years 11 months,573000.0,2018,6,74,24,3845.6375838926174
pasir ris,executive,123,pasir ris st 11,01 to 03,147.0,maisonette,1988,69 years 02 months,578888.0,2018,6,69,30,3938.013605442177
pasir ris,executive,136,pasir ris st 11,04 to 06,151.0,apartment,1994,75 years 04 months,588000.0,2018,6,75,24,3894.0397350993376
pasir ris,executive,219,pasir ris st 21,10 to 12,150.0,apartment,1993,74 years 02 months,590000.0,2018,6,74,25,3933.3333333333335
pasir ris,executive,130,pasir ris st 11,04 to 06,149.0,apartment,1994,74 years 11 months,595000.0,2018,6,74,24,3993.288590604027
pasir ris,executive,130,pasir ris st 11,01 to 03,151.0,apartment,1994,74 years 10 months,600000.0,2018,6,74,24,3973.5099337748343
pasir ris,executive,504,pasir ris st 52,04 to 06,146.0,apartment,1993,74 years 03 months,615000.0,2018,6,74,25,4212.328767123287
pasir ris,executive,642,pasir ris dr 10,07 to 09,148.0,apartment,1995,76 years 02 months,625000.0,2018,6,76,23,4222.972972972973
pasir ris,executive,132,pasir ris st 11,04 to 06,149.0,apartment,1994,75 years 05 months,630000.0,2018,6,75,24,4228.187919463087
pasir ris,executive,508,pasir ris st 52,13 to 15,146.0,apartment,1993,74 years 04 months,650000.0,2018,6,74,25,4452.054794520548
pasir ris,executive,111,pasir ris st 11,01 to 03,145.0,maisonette,1990,70 years 11 months,660000.0,2018,6,70,28,4551.724137931034
pasir ris,executive,424,pasir ris dr 6,01 to 03,143.0,maisonette,1989,70 years 03 months,670000.0,2018,6,70,29,4685.314685314685
pasir ris,executive,601,elias rd,01 to 03,150.0,apartment,1995,75 years 10 months,672500.0,2018,6,75,23,4483.333333333333
pasir ris,executive,540,pasir ris st 51,04 to 06,144.0,apartment,1992,73 years 06 months,690000.0,2018,6,73,26,4791.666666666667
pasir ris,executive,129,pasir ris st 11,04 to 06,142.0,apartment,1988,69 years 05 months,490000.0,2018,7,69,30,3450.7042253521126
pasir ris,executive,153,pasir ris st 13,04 to 06,144.0,apartment,1995,75 years 08 months,512000.0,2018,7,75,23,3555.5555555555557
pasir ris,executive,236,pasir ris st 21,01 to 03,148.0,apartment,1993,74 years 01 month,538000.0,2018,7,74,25,3635.135135135135
pasir ris,executive,645,pasir ris dr 10,01 to 03,150.0,apartment,1995,76 years 02 months,540000.0,2018,7,76,23,3600.0
pasir ris,executive,203,pasir ris st 21,07 to 09,145.0,apartment,1993,74 years 02 months,560000.0,2018,7,74,25,3862.0689655172414
pasir ris,executive,130,pasir ris st 11,04 to 06,151.0,apartment,1994,74 years 09 months,580000.0,2018,7,74,24,3841.0596026490066
pasir ris,executive,465,pasir ris st 41,07 to 09,144.0,apartment,1992,73 years 07 months,590000.0,2018,7,73,26,4097.222222222223
pasir ris,executive,460,pasir ris dr 4,01 to 03,146.0,apartment,1992,73 years 05 months,595000.0,2018,7,73,26,4075.3424657534247
pasir ris,executive,714,pasir ris st 72,10 to 12,146.0,apartment,1996,76 years 11 months,600000.0,2018,7,76,22,4109.58904109589
pasir ris,executive,507,pasir ris st 52,01 to 03,145.0,apartment,1993,74 years 02 months,605000.0,2018,7,74,25,4172.413793103448
pasir ris,executive,101,pasir ris st 12,04 to 06,146.0,maisonette,1988,69 years 04 months,615000.0,2018,7,69,30,4212.328767123287
pasir ris,executive,463,pasir ris st 41,04 to 06,146.0,apartment,1992,73 years 05 months,618000.0,2018,7,73,26,4232.876712328767
pasir ris,executive,128,pasir ris st 11,01 to 03,154.0,maisonette,1988,69 years 04 months,620000.0,2018,7,69,30,4025.974025974026
pasir ris,executive,459,pasir ris dr 4,04 to 06,144.0,apartment,1992,73 years 06 months,625000.0,2018,7,73,26,4340.277777777777
pasir ris,executive,129,pasir ris st 11,04 to 06,151.0,maisonette,1988,69 years 04 months,640000.0,2018,7,69,30,4238.41059602649
pasir ris,executive,607,elias rd,07 to 09,155.0,apartment,1995,76 years,650000.0,2018,7,76,23,4193.548387096775
pasir ris,executive,781,pasir ris st 71,04 to 06,143.0,apartment,1996,77 years 01 month,664000.0,2018,7,77,22,4643.356643356643
pasir ris,executive,606,elias rd,07 to 09,154.0,apartment,1995,75 years 09 months,675000.0,2018,7,75,23,4383.116883116883
pasir ris,executive,418,pasir ris dr 6,07 to 09,149.0,maisonette,1989,69 years 09 months,715000.0,2018,7,69,29,4798.657718120805
pasir ris,executive,582,pasir ris st 53,07 to 09,147.0,apartment,1995,76 years 04 months,740000.0,2018,7,76,23,5034.013605442177
pasir ris,executive,578,pasir ris st 53,07 to 09,147.0,apartment,1995,76 years 03 months,750000.0,2018,7,76,23,5102.040816326531
pasir ris,executive,501,pasir ris st 52,13 to 15,146.0,apartment,1993,74 years 05 months,763000.0,2018,7,74,25,5226.027397260274
pasir ris,executive,715,pasir ris st 72,01 to 03,147.0,apartment,1996,76 years 10 months,515000.0,2018,8,76,22,3503.401360544218
pasir ris,executive,238,pasir ris st 21,01 to 03,146.0,apartment,1993,74 years,545000.0,2018,8,74,25,3732.876712328767
pasir ris,executive,221,pasir ris st 21,01 to 03,146.0,apartment,1993,73 years 11 months,550000.0,2018,8,73,25,3767.123287671233
pasir ris,executive,244,pasir ris st 21,04 to 06,150.0,apartment,1993,73 years 11 months,570000.0,2018,8,73,25,3800.0
pasir ris,executive,160,pasir ris st 13,04 to 06,148.0,apartment,1995,75 years 07 months,585000.0,2018,8,75,23,3952.7027027027025
pasir ris,executive,129,pasir ris st 11,07 to 09,142.0,apartment,1988,69 years 03 months,588000.0,2018,8,69,30,4140.845070422535
pasir ris,executive,270,pasir ris st 21,07 to 09,144.0,apartment,1994,75 years 03 months,590000.0,2018,8,75,24,4097.222222222223
pasir ris,executive,459,pasir ris dr 4,01 to 03,142.0,apartment,1992,73 years 05 months,618000.0,2018,8,73,26,4352.112676056338
pasir ris,executive,607,elias rd,04 to 06,149.0,apartment,1995,75 years 11 months,639000.0,2018,8,75,23,4288.5906040268455
pasir ris,executive,457,pasir ris dr 4,10 to 12,144.0,apartment,1992,73 years 05 months,658000.0,2018,8,73,26,4569.444444444444
pasir ris,executive,602,elias rd,01 to 03,154.0,apartment,1995,75 years 07 months,670000.0,2018,8,75,23,4350.649350649351
pasir ris,executive,413,pasir ris dr 6,01 to 03,146.0,maisonette,1989,70 years 04 months,670000.0,2018,8,70,29,4589.041095890411
pasir ris,executive,413,pasir ris dr 6,01 to 03,146.0,maisonette,1989,70 years 04 months,675000.0,2018,8,70,29,4623.287671232877
pasir ris,executive,716,pasir ris st 72,16 to 18,143.0,apartment,1996,76 years 10 months,710000.0,2018,8,76,22,4965.034965034965
pasir ris,executive,605,elias rd,04 to 06,150.0,apartment,1995,75 years 07 months,728000.0,2018,8,75,23,4853.333333333333
pasir ris,executive,779,pasir ris st 71,13 to 15,144.0,apartment,1996,77 years,755000.0,2018,8,77,22,5243.055555555556
pasir ris,executive,583,pasir ris st 53,07 to 09,145.0,apartment,1995,76 years 03 months,765000.0,2018,8,76,23,5275.862068965517
pasir ris,executive,408,pasir ris dr 6,04 to 06,147.0,maisonette,1990,70 years 08 months,770000.0,2018,8,70,28,5238.0952380952385
pasir ris,executive,408,pasir ris dr 6,10 to 12,145.0,maisonette,1990,70 years 09 months,805000.0,2018,8,70,28,5551.724137931034
pasir ris,executive,154,pasir ris st 13,01 to 03,144.0,apartment,1995,75 years 07 months,530000.0,2018,9,75,23,3680.5555555555557
pasir ris,executive,130,pasir ris st 11,04 to 06,149.0,apartment,1994,74 years 07 months,560000.0,2018,9,74,24,3758.3892617449665
pasir ris,executive,646,pasir ris dr 10,04 to 06,150.0,apartment,1995,76 years 01 month,575000.0,2018,9,76,23,3833.3333333333335
pasir ris,executive,243,pasir ris st 21,10 to 12,145.0,apartment,1993,73 years 10 months,580000.0,2018,9,73,25,4000.0
pasir ris,executive,159,pasir ris st 13,04 to 06,152.0,apartment,1995,75 years 05 months,599999.0,2018,9,75,23,3947.3618421052633
pasir ris,executive,646,pasir ris dr 10,04 to 06,146.0,apartment,1995,76 years,605000.0,2018,9,76,23,4143.835616438356
pasir ris,executive,510,pasir ris st 52,01 to 03,143.0,apartment,1993,74 years 01 month,615000.0,2018,9,74,25,4300.699300699301
pasir ris,executive,135,pasir ris st 11,07 to 09,152.0,apartment,1994,75 years 02 months,618000.0,2018,9,75,24,4065.7894736842104
pasir ris,executive,650,pasir ris dr 10,07 to 09,146.0,apartment,1995,76 years 01 month,620000.0,2018,9,76,23,4246.575342465753
pasir ris,executive,509,pasir ris st 52,13 to 15,148.0,apartment,1993,74 years,625000.0,2018,9,74,25,4222.972972972973
pasir ris,executive,711,pasir ris st 72,04 to 06,145.0,maisonette,1996,76 years 09 months,625000.0,2018,9,76,22,4310.3448275862065
pasir ris,executive,608,elias rd,01 to 03,149.0,apartment,1995,75 years 11 months,628000.0,2018,9,75,23,4214.765100671141
pasir ris,executive,645,pasir ris dr 10,13 to 15,146.0,apartment,1995,76 years 01 month,638000.0,2018,9,76,23,4369.86301369863
pasir ris,executive,456,pasir ris dr 4,04 to 06,148.0,apartment,1992,73 years 03 months,645000.0,2018,9,73,26,4358.108108108108
pasir ris,executive,608,elias rd,04 to 06,149.0,apartment,1995,75 years 11 months,648000.0,2018,9,75,23,4348.993288590604
pasir ris,executive,447,pasir ris dr 6,01 to 03,155.0,maisonette,1989,70 years 02 months,680000.0,2018,9,70,29,4387.096774193548
pasir ris,executive,582,pasir ris st 53,01 to 03,149.0,apartment,1995,76 years 01 month,695000.0,2018,9,76,23,4664.4295302013425
pasir ris,executive,236,pasir ris st 21,10 to 12,147.0,apartment,1993,73 years 10 months,699000.0,2018,9,73,25,4755.102040816327
pasir ris,executive,448,pasir ris dr 6,01 to 03,146.0,maisonette,1989,70 years 04 months,705000.0,2018,9,70,29,4828.767123287671
pasir ris,executive,549,pasir ris st 51,04 to 06,148.0,maisonette,1992,73 years 03 months,705000.0,2018,9,73,26,4763.513513513513
pasir ris,executive,531,pasir ris dr 1,01 to 03,148.0,maisonette,1992,73 years 03 months,735000.0,2018,9,73,26,4966.216216216216
pasir ris,executive,578,pasir ris st 53,07 to 09,146.0,apartment,1995,76 years 01 month,760000.0,2018,9,76,23,5205.479452054795
pasir ris,executive,532,pasir ris dr 1,10 to 12,145.0,apartment,1992,73 years 03 months,803000.0,2018,9,73,26,5537.931034482759
pasir ris,executive,251,pasir ris st 21,07 to 09,150.0,apartment,1993,73 years 09 months,543000.0,2018,10,73,25,3620.0
pasir ris,executive,155,pasir ris st 13,07 to 09,150.0,apartment,1995,75 years 04 months,580000.0,2018,10,75,23,3866.6666666666665
pasir ris,executive,711,pasir ris st 72,01 to 03,145.0,maisonette,1996,76 years 09 months,580000.0,2018,10,76,22,4000.0
pasir ris,executive,646,pasir ris dr 10,10 to 12,146.0,apartment,1995,76 years,608000.0,2018,10,76,23,4164.3835616438355
pasir ris,executive,713,pasir ris st 72,10 to 12,148.0,apartment,1996,76 years 08 months,638888.0,2018,10,76,22,4316.810810810811
pasir ris,executive,647,pasir ris dr 10,10 to 12,145.0,apartment,1995,75 years 11 months,640000.0,2018,10,75,23,4413.793103448276
pasir ris,executive,459,pasir ris dr 4,10 to 12,142.0,apartment,1992,73 years 02 months,665000.0,2018,10,73,26,4683.098591549296
pasir ris,executive,457,pasir ris dr 4,10 to 12,142.0,apartment,1992,73 years 02 months,675000.0,2018,10,73,26,4753.521126760564
pasir ris,executive,501,pasir ris st 52,04 to 06,146.0,apartment,1993,74 years 03 months,695000.0,2018,10,74,25,4760.273972602739
pasir ris,executive,535,pasir ris dr 1,04 to 06,145.0,apartment,1992,73 years 02 months,725000.0,2018,10,73,26,5000.0
pasir ris,executive,531,pasir ris dr 1,04 to 06,148.0,maisonette,1992,73 years 02 months,750000.0,2018,10,73,26,5067.5675675675675
pasir ris,executive,717,pasir ris st 72,01 to 03,146.0,apartment,1996,76 years 07 months,515000.0,2018,11,76,22,3527.3972602739727
pasir ris,executive,235,pasir ris st 21,07 to 09,150.0,apartment,1993,73 years 09 months,600000.0,2018,11,73,25,4000.0
pasir ris,executive,646,pasir ris dr 10,04 to 06,145.0,apartment,1995,75 years 10 months,616000.0,2018,11,75,23,4248.275862068966
pasir ris,executive,422,pasir ris dr 6,01 to 03,151.0,maisonette,1989,70 years,620000.0,2018,11,70,29,4105.960264900662
pasir ris,executive,717,pasir ris st 72,16 to 18,148.0,apartment,1996,76 years 07 months,630000.0,2018,11,76,22,4256.756756756757
pasir ris,executive,418,pasir ris dr 6,01 to 03,149.0,maisonette,1989,69 years 05 months,640000.0,2018,11,69,29,4295.302013422819
pasir ris,executive,547,pasir ris st 51,04 to 06,148.0,maisonette,1992,72 years 11 months,650000.0,2018,11,72,26,4391.891891891892
pasir ris,executive,604,elias rd,10 to 12,154.0,apartment,1995,75 years 04 months,690000.0,2018,11,75,23,4480.519480519481
pasir ris,executive,502,pasir ris st 52,07 to 09,145.0,apartment,1993,74 years 01 month,705000.0,2018,11,74,25,4862.068965517241
pasir ris,executive,252,pasir ris st 21,07 to 09,190.0,maisonette,1993,74 years 01 month,750000.0,2018,11,74,25,3947.3684210526317
pasir ris,executive,531,pasir ris dr 1,07 to 09,149.0,maisonette,1992,72 years 11 months,758000.0,2018,11,72,26,5087.248322147651
pasir ris,executive,602,elias rd,10 to 12,154.0,apartment,1995,75 years 03 months,710000.0,2018,12,75,23,4610.38961038961
pasir ris,executive,606,elias rd,07 to 09,149.0,apartment,1995,75 years 03 months,678000.0,2018,12,75,23,4550.335570469799
pasir ris,executive,649,pasir ris dr 10,04 to 06,146.0,apartment,1995,75 years 10 months,585000.0,2018,12,75,23,4006.849315068493
pasir ris,executive,448,pasir ris dr 6,07 to 09,154.0,maisonette,1989,70 years 01 month,745000.0,2018,12,70,29,4837.662337662337
pasir ris,executive,250,pasir ris st 21,04 to 06,150.0,apartment,1993,73 years 08 months,540000.0,2018,12,73,25,3600.0
pasir ris,executive,238,pasir ris st 21,07 to 09,146.0,apartment,1993,73 years 07 months,550000.0,2018,12,73,25,3767.123287671233
pasir ris,executive,243,pasir ris st 21,04 to 06,149.0,apartment,1993,73 years 07 months,510000.0,2018,12,73,25,3422.818791946309
pasir ris,executive,463,pasir ris st 41,07 to 09,144.0,apartment,1992,73 years,640000.0,2018,12,73,26,4444.444444444444
pasir ris,executive,712,pasir ris st 72,07 to 09,143.0,apartment,1996,76 years 06 months,600000.0,2018,12,76,22,4195.804195804196
pasir ris,executive,247,pasir ris st 21,07 to 09,149.0,apartment,1993,73 years 06 months,500000.0,2019,1,73,26,3355.7046979865772
pasir ris,executive,208,pasir ris st 21,07 to 09,147.0,apartment,1993,73 years 08 months,530000.0,2019,1,73,26,3605.4421768707484
pasir ris,executive,205,pasir ris st 21,10 to 12,148.0,apartment,1993,73 years 09 months,558888.0,2019,1,73,26,3776.2702702702704
pasir ris,executive,646,pasir ris dr 10,01 to 03,146.0,apartment,1995,75 years 08 months,560000.0,2019,1,75,24,3835.6164383561645
pasir ris,executive,221,pasir ris st 21,10 to 12,148.0,apartment,1993,73 years 07 months,595000.0,2019,1,73,26,4020.2702702702704
pasir ris,executive,457,pasir ris dr 4,10 to 12,144.0,apartment,1992,72 years 11 months,680000.0,2019,1,72,27,4722.222222222223
pasir ris,executive,457,pasir ris dr 4,10 to 12,146.0,apartment,1992,72 years 11 months,680000.0,2019,1,72,27,4657.534246575343
pasir ris,executive,500,pasir ris st 52,10 to 12,146.0,apartment,1993,73 years 11 months,705000.0,2019,1,73,26,4828.767123287671
pasir ris,executive,537,pasir ris st 51,10 to 12,144.0,apartment,1992,72 years 11 months,710000.0,2019,1,72,27,4930.555555555556
pasir ris,executive,543,pasir ris st 51,04 to 06,144.0,apartment,1992,73 years,710000.0,2019,1,73,27,4930.555555555556
pasir ris,executive,549,pasir ris st 51,04 to 06,157.0,maisonette,1992,72 years 11 months,715000.0,2019,1,72,27,4554.140127388535
pasir ris,executive,247,pasir ris st 21,10 to 12,169.0,apartment,1993,73 years 06 months,715000.0,2019,1,73,26,4230.7692307692305
pasir ris,executive,547,pasir ris st 51,10 to 12,154.0,maisonette,1992,72 years 11 months,772500.0,2019,1,72,27,5016.233766233766
pasir ris,executive,203,pasir ris st 21,07 to 09,146.0,apartment,1993,73 years 07 months,503000.0,2019,2,73,26,3445.205479452055
pasir ris,executive,208,pasir ris st 21,01 to 03,147.0,apartment,1993,73 years 07 months,555000.0,2019,2,73,26,3775.5102040816328
pasir ris,executive,713,pasir ris st 72,04 to 06,146.0,apartment,1996,76 years 05 months,565000.0,2019,2,76,23,3869.8630136986303
pasir ris,executive,129,pasir ris st 11,07 to 09,142.0,apartment,1988,68 years 09 months,580000.0,2019,2,68,31,4084.507042253521
pasir ris,executive,712,pasir ris st 72,04 to 06,143.0,apartment,1996,76 years 04 months,595000.0,2019,2,76,23,4160.839160839161
pasir ris,executive,422,pasir ris dr 6,01 to 03,151.0,maisonette,1989,69 years 08 months,600000.0,2019,2,69,30,3973.5099337748343
pasir ris,executive,644,pasir ris dr 10,07 to 09,149.0,apartment,1995,75 years 07 months,605000.0,2019,2,75,24,4060.4026845637586
pasir ris,executive,108,pasir ris st 12,04 to 06,146.0,maisonette,1988,68 years 07 months,610000.0,2019,2,68,31,4178.082191780822
pasir ris,executive,504,pasir ris st 52,04 to 06,144.0,apartment,1993,73 years 08 months,625000.0,2019,2,73,26,4340.277777777777
pasir ris,executive,101,pasir ris st 12,04 to 06,146.0,maisonette,1988,68 years 09 months,625000.0,2019,2,68,31,4280.821917808219
pasir ris,executive,547,pasir ris st 51,04 to 06,147.0,apartment,1992,72 years 10 months,660000.0,2019,2,72,27,4489.7959183673465
pasir ris,executive,549,pasir ris st 51,01 to 03,154.0,maisonette,1992,72 years 10 months,725000.0,2019,2,72,27,4707.792207792208
pasir ris,executive,206,pasir ris st 21,10 to 12,148.0,apartment,1993,73 years 06 months,550000.0,2019,3,73,26,3716.2162162162163
pasir ris,executive,505,pasir ris st 52,04 to 06,146.0,apartment,1993,73 years 06 months,600000.0,2019,3,73,26,4109.58904109589
pasir ris,executive,713,pasir ris st 72,01 to 03,145.0,maisonette,1996,76 years 03 months,600888.0,2019,3,76,23,4144.055172413793
pasir ris,executive,644,pasir ris dr 10,01 to 03,149.0,apartment,1995,75 years 06 months,610000.0,2019,3,75,24,4093.959731543624
pasir ris,executive,129,pasir ris st 11,04 to 06,146.0,maisonette,1988,68 years 09 months,620000.0,2019,3,68,31,4246.575342465753
pasir ris,executive,544,pasir ris st 51,01 to 03,145.0,apartment,1992,72 years 09 months,625000.0,2019,3,72,27,4310.3448275862065
pasir ris,executive,128,pasir ris st 11,04 to 06,146.0,maisonette,1988,68 years 08 months,627000.0,2019,3,68,31,4294.520547945205
pasir ris,executive,157,pasir ris st 13,04 to 06,149.0,apartment,1995,74 years 11 months,630000.0,2019,3,74,24,4228.187919463087
pasir ris,executive,716,pasir ris st 72,13 to 15,148.0,apartment,1996,76 years 03 months,645000.0,2019,3,76,23,4358.108108108108
pasir ris,executive,418,pasir ris dr 6,04 to 06,149.0,maisonette,1989,69 years 01 month,650000.0,2019,3,69,30,4362.416107382551
pasir ris,executive,111,pasir ris st 11,01 to 03,146.0,maisonette,1990,70 years 01 month,655000.0,2019,3,70,29,4486.301369863014
pasir ris,executive,603,elias rd,10 to 12,149.0,maisonette,1995,75 years,680000.0,2019,3,75,24,4563.758389261745
pasir ris,executive,424,pasir ris dr 6,01 to 03,153.0,maisonette,1989,69 years 06 months,680000.0,2019,3,69,30,4444.444444444444
pasir ris,executive,534,pasir ris dr 1,01 to 03,148.0,maisonette,1992,72 years 09 months,713888.0,2019,3,72,27,4823.5675675675675
pasir ris,executive,237,pasir ris st 21,01 to 03,149.0,apartment,1993,73 years 03 months,525000.0,2019,4,73,26,3523.489932885906
pasir ris,executive,267,pasir ris st 21,04 to 06,144.0,apartment,1994,74 years 06 months,560000.0,2019,4,74,25,3888.8888888888887
pasir ris,executive,137,pasir ris st 11,01 to 03,158.0,apartment,1994,74 years,572000.0,2019,4,74,25,3620.253164556962
pasir ris,executive,101,pasir ris st 12,01 to 03,149.0,maisonette,1988,68 years 08 months,580000.0,2019,4,68,31,3892.6174496644294
pasir ris,executive,135,pasir ris st 11,07 to 09,149.0,apartment,1994,74 years 06 months,595000.0,2019,4,74,25,3993.288590604027
pasir ris,executive,647,pasir ris dr 10,07 to 09,150.0,apartment,1995,75 years 04 months,618000.0,2019,4,75,24,4120.0
pasir ris,executive,134,pasir ris st 11,04 to 06,149.0,apartment,1994,74 years,620000.0,2019,4,74,25,4161.073825503356
pasir ris,executive,101,pasir ris st 12,04 to 06,146.0,maisonette,1988,68 years 07 months,638000.0,2019,4,68,31,4369.86301369863
pasir ris,executive,711,pasir ris st 72,10 to 12,143.0,apartment,1996,76 years 03 months,650000.0,2019,4,76,23,4545.454545454545
pasir ris,executive,422,pasir ris dr 6,10 to 12,145.0,maisonette,1989,69 years 07 months,708888.0,2019,4,69,30,4888.88275862069
pasir ris,executive,541,pasir ris st 51,10 to 12,143.0,apartment,1992,72 years 08 months,710000.0,2019,4,72,27,4965.034965034965
pasir ris,executive,502,pasir ris st 52,10 to 12,146.0,apartment,1993,73 years 08 months,710000.0,2019,4,73,26,4863.013698630137
pasir ris,executive,242,pasir ris st 21,04 to 06,150.0,apartment,1993,73 years 03 months,478000.0,2019,5,73,26,3186.6666666666665
pasir ris,executive,208,pasir ris st 21,01 to 03,147.0,apartment,1993,73 years 04 months,500000.0,2019,5,73,26,3401.360544217687
pasir ris,executive,245,pasir ris st 21,04 to 06,146.0,apartment,1993,73 years 02 months,508000.0,2019,5,73,26,3479.4520547945203
pasir ris,executive,155,pasir ris st 13,04 to 06,151.0,apartment,1995,74 years 09 months,562000.0,2019,5,74,24,3721.8543046357618
pasir ris,executive,220,pasir ris st 21,10 to 12,149.0,apartment,1993,73 years 02 months,575000.0,2019,5,73,26,3859.0604026845635
pasir ris,executive,155,pasir ris st 13,04 to 06,147.0,apartment,1995,74 years 10 months,580000.0,2019,5,74,24,3945.578231292517
pasir ris,executive,129,pasir ris st 11,04 to 06,146.0,maisonette,1988,68 years 06 months,596000.0,2019,5,68,31,4082.1917808219177
pasir ris,executive,717,pasir ris st 72,07 to 09,146.0,apartment,1996,76 years 01 month,599000.0,2019,5,76,23,4102.739726027397
pasir ris,executive,460,pasir ris dr 4,01 to 03,146.0,apartment,1992,72 years 07 months,600000.0,2019,5,72,27,4109.58904109589
pasir ris,executive,646,pasir ris dr 10,10 to 12,145.0,apartment,1995,75 years 05 months,605000.0,2019,5,75,24,4172.413793103448
pasir ris,executive,644,pasir ris dr 10,10 to 12,148.0,apartment,1995,75 years 04 months,615000.0,2019,5,75,24,4155.405405405405
pasir ris,executive,129,pasir ris st 11,07 to 09,146.0,maisonette,1988,68 years 06 months,645000.0,2019,5,68,31,4417.808219178082
pasir ris,executive,548,pasir ris st 51,04 to 06,144.0,apartment,1992,72 years 07 months,660000.0,2019,5,72,27,4583.333333333333
pasir ris,executive,538,pasir ris st 51,01 to 03,144.0,apartment,1992,72 years 08 months,670000.0,2019,5,72,27,4652.777777777777
pasir ris,executive,418,pasir ris dr 6,10 to 12,146.0,maisonette,1989,69 years 02 months,705000.0,2019,5,69,30,4828.767123287671
pasir ris,executive,541,pasir ris st 51,10 to 12,143.0,apartment,1992,72 years 07 months,715000.0,2019,5,72,27,5000.0
pasir ris,executive,208,pasir ris st 21,07 to 09,147.0,apartment,1993,73 years 03 months,540000.0,2019,6,73,26,3673.469387755102
pasir ris,executive,239,pasir ris st 21,10 to 12,147.0,apartment,1993,73 years 02 months,565000.0,2019,6,73,26,3843.5374149659865
pasir ris,executive,710,pasir ris st 72,07 to 09,146.0,apartment,1996,76 years 01 month,600000.0,2019,6,76,23,4109.58904109589
pasir ris,executive,642,pasir ris dr 10,01 to 03,145.0,apartment,1995,75 years 03 months,605000.0,2019,6,75,24,4172.413793103448
pasir ris,executive,459,pasir ris dr 4,01 to 03,142.0,apartment,1992,72 years 06 months,615000.0,2019,6,72,27,4330.985915492958
pasir ris,executive,714,pasir ris st 72,01 to 03,153.0,maisonette,1996,76 years,618000.0,2019,6,76,23,4039.2156862745096
pasir ris,executive,420,pasir ris dr 6,01 to 03,146.0,maisonette,1989,68 years 07 months,680000.0,2019,6,68,30,4657.534246575343
pasir ris,executive,108,pasir ris st 12,10 to 12,149.0,maisonette,1988,68 years 04 months,685000.0,2019,6,68,31,4597.315436241611
pasir ris,executive,605,elias rd,13 to 15,150.0,apartment,1995,74 years 09 months,715000.0,2019,6,74,24,4766.666666666667
pasir ris,executive,460,pasir ris dr 4,07 to 09,146.0,apartment,1992,72 years 06 months,720000.0,2019,6,72,27,4931.506849315068
pasir ris,executive,544,pasir ris st 51,10 to 12,145.0,apartment,1992,72 years 06 months,725000.0,2019,6,72,27,5000.0
pasir ris,executive,422,pasir ris dr 6,10 to 12,151.0,maisonette,1989,69 years 04 months,735000.0,2019,6,69,30,4867.549668874172
pasir ris,executive,203,pasir ris st 21,04 to 06,148.0,apartment,1993,73 years 02 months,530000.0,2019,7,73,26,3581.0810810810813
pasir ris,executive,203,pasir ris st 21,07 to 09,147.0,apartment,1993,73 years 02 months,540000.0,2019,7,73,26,3673.469387755102
pasir ris,executive,203,pasir ris st 21,10 to 12,147.0,apartment,1993,73 years 02 months,555000.0,2019,7,73,26,3775.5102040816328
pasir ris,executive,130,pasir ris st 11,01 to 03,149.0,apartment,1994,73 years 09 months,585000.0,2019,7,73,25,3926.1744966442952
pasir ris,executive,130,pasir ris st 11,01 to 03,151.0,apartment,1994,73 years 09 months,595000.0,2019,7,73,25,3940.3973509933776
pasir ris,executive,714,pasir ris st 72,07 to 09,146.0,apartment,1996,75 years 11 months,620000.0,2019,7,75,23,4246.575342465753
pasir ris,executive,101,pasir ris st 12,07 to 09,146.0,maisonette,1988,68 years 04 months,635000.0,2019,7,68,31,4349.315068493151
pasir ris,executive,778,pasir ris st 71,07 to 09,143.0,apartment,1996,76 years 01 month,638000.0,2019,7,76,23,4461.538461538462
pasir ris,executive,471,pasir ris dr 6,01 to 03,147.0,maisonette,1989,69 years 07 months,640000.0,2019,7,69,30,4353.741496598639
pasir ris,executive,460,pasir ris dr 4,04 to 06,146.0,apartment,1992,72 years 05 months,643888.0,2019,7,72,27,4410.191780821918
pasir ris,executive,537,pasir ris st 51,04 to 06,148.0,maisonette,1992,72 years 05 months,645000.0,2019,7,72,27,4358.108108108108
pasir ris,executive,460,pasir ris dr 4,10 to 12,144.0,apartment,1992,72 years 05 months,660000.0,2019,7,72,27,4583.333333333333
pasir ris,executive,207,pasir ris st 21,01 to 03,149.0,apartment,1993,73 years 01 month,510000.0,2019,8,73,26,3422.818791946309
pasir ris,executive,237,pasir ris st 21,04 to 06,149.0,apartment,1993,72 years 11 months,515000.0,2019,8,72,26,3456.3758389261743
pasir ris,executive,712,pasir ris st 72,01 to 03,147.0,apartment,1996,75 years 10 months,535000.0,2019,8,75,23,3639.4557823129253
pasir ris,executive,134,pasir ris st 11,01 to 03,149.0,apartment,1994,73 years 08 months,570000.0,2019,8,73,25,3825.503355704698
pasir ris,executive,237,pasir ris st 21,10 to 12,149.0,apartment,1993,72 years 11 months,587000.0,2019,8,72,26,3939.5973154362414
pasir ris,executive,269,pasir ris st 21,04 to 06,144.0,apartment,1994,74 years 02 months,610000.0,2019,8,74,25,4236.111111111111
pasir ris,executive,456,pasir ris dr 4,04 to 06,142.0,apartment,1992,72 years 04 months,622000.0,2019,8,72,27,4380.281690140845
pasir ris,executive,609,elias rd,04 to 06,149.0,apartment,1995,74 years 11 months,650000.0,2019,8,74,24,4362.416107382551
pasir ris,executive,507,pasir ris st 52,13 to 15,146.0,apartment,1993,73 years 02 months,668000.0,2019,8,73,26,4575.342465753424
pasir ris,executive,422,pasir ris dr 6,01 to 03,151.0,maisonette,1989,69 years 03 months,670000.0,2019,8,69,30,4437.086092715232
pasir ris,executive,247,pasir ris st 21,13 to 15,169.0,apartment,1993,72 years 11 months,712500.0,2019,8,72,26,4215.9763313609465
pasir ris,executive,583,pasir ris st 53,07 to 09,147.0,apartment,1995,75 years 02 months,766000.0,2019,8,75,24,5210.884353741497
pasir ris,executive,408,pasir ris dr 6,10 to 12,145.0,maisonette,1990,69 years 08 months,771888.0,2019,8,69,29,5323.365517241379
pasir ris,executive,586,pasir ris st 53,10 to 12,146.0,apartment,1995,75 years 02 months,780000.0,2019,8,75,24,5342.465753424657
pasir ris,executive,206,pasir ris st 21,04 to 06,146.0,apartment,1993,73 years,530000.0,2019,9,73,26,3630.1369863013697
pasir ris,executive,203,pasir ris st 21,01 to 03,148.0,apartment,1993,73 years,540000.0,2019,9,73,26,3648.6486486486488
pasir ris,executive,244,pasir ris st 21,07 to 09,150.0,apartment,1993,72 years 10 months,575000.0,2019,9,72,26,3833.3333333333335
pasir ris,executive,713,pasir ris st 72,10 to 12,148.0,apartment,1996,75 years 09 months,630000.0,2019,9,75,23,4256.756756756757
pasir ris,executive,605,elias rd,01 to 03,149.0,apartment,1995,74 years 07 months,645000.0,2019,9,74,24,4328.859060402685
pasir ris,executive,586,pasir ris st 53,04 to 06,146.0,apartment,1995,75 years 01 month,780000.0,2019,9,75,24,5342.465753424657
pasir ris,executive,136,pasir ris st 11,07 to 09,188.0,maisonette,1994,74 years 01 month,800000.0,2019,9,74,25,4255.31914893617
pasir ris,executive,270,pasir ris st 21,07 to 09,145.0,apartment,1994,74 years,539888.0,2019,10,74,25,3723.365517241379
pasir ris,executive,160,pasir ris st 13,01 to 03,149.0,apartment,1995,74 years 04 months,546000.0,2019,10,74,24,3664.4295302013425
pasir ris,executive,240,pasir ris st 21,10 to 12,147.0,apartment,1993,72 years 09 months,568000.0,2019,10,72,26,3863.9455782312925
pasir ris,executive,245,pasir ris st 21,10 to 12,148.0,apartment,1993,72 years 09 months,571000.0,2019,10,72,26,3858.108108108108
pasir ris,executive,466,pasir ris st 41,07 to 09,144.0,apartment,1992,72 years 02 months,600000.0,2019,10,72,27,4166.666666666667
pasir ris,executive,648,pasir ris dr 10,07 to 09,148.0,apartment,1995,74 years 10 months,605000.0,2019,10,74,24,4087.837837837838
pasir ris,executive,249,pasir ris st 21,04 to 06,148.0,apartment,1993,72 years 09 months,608000.0,2019,10,72,26,4108.108108108108
pasir ris,executive,648,pasir ris dr 10,07 to 09,149.0,apartment,1995,74 years 10 months,620000.0,2019,10,74,24,4161.073825503356
pasir ris,executive,606,elias rd,04 to 06,154.0,apartment,1995,74 years 05 months,655000.0,2019,10,74,24,4253.2467532467535
pasir ris,executive,781,pasir ris st 71,10 to 12,143.0,apartment,1996,75 years 10 months,670000.0,2019,10,75,23,4685.314685314685
pasir ris,executive,111,pasir ris st 11,01 to 03,145.0,maisonette,1990,69 years 06 months,675000.0,2019,10,69,29,4655.172413793103
pasir ris,executive,418,pasir ris dr 6,01 to 03,149.0,maisonette,1989,68 years 06 months,679999.0,2019,10,68,30,4563.751677852349
pasir ris,executive,422,pasir ris dr 6,04 to 06,155.0,maisonette,1989,69 years,725000.0,2019,10,69,30,4677.419354838709
pasir ris,executive,422,pasir ris dr 6,10 to 12,151.0,maisonette,1989,69 years,750000.0,2019,10,69,30,4966.887417218543
pasir ris,executive,207,pasir ris st 21,07 to 09,147.0,apartment,1993,72 years 10 months,545000.0,2019,11,72,26,3707.482993197279
pasir ris,executive,236,pasir ris st 21,10 to 12,147.0,apartment,1993,72 years 08 months,570000.0,2019,11,72,26,3877.5510204081634
pasir ris,executive,160,pasir ris st 13,04 to 06,149.0,apartment,1995,74 years 03 months,580000.0,2019,11,74,24,3892.6174496644294
pasir ris,executive,152,pasir ris st 13,01 to 03,159.0,apartment,1995,74 years 03 months,620000.0,2019,11,74,24,3899.37106918239
pasir ris,executive,506,pasir ris st 52,07 to 09,145.0,apartment,1993,72 years 10 months,635000.0,2019,11,72,26,4379.310344827586
pasir ris,executive,712,pasir ris st 72,16 to 18,146.0,apartment,1996,75 years 08 months,640000.0,2019,11,75,23,4383.561643835616
pasir ris,executive,506,pasir ris st 52,13 to 15,146.0,apartment,1993,72 years 10 months,670000.0,2019,11,72,26,4589.041095890411
pasir ris,executive,504,pasir ris st 52,10 to 12,145.0,apartment,1993,72 years 11 months,678000.0,2019,11,72,26,4675.862068965517
pasir ris,executive,471,pasir ris dr 6,01 to 03,147.0,maisonette,1989,68 years 08 months,685000.0,2019,11,68,30,4659.863945578231
pasir ris,executive,543,pasir ris st 51,01 to 03,144.0,apartment,1992,71 years 11 months,700000.0,2019,11,71,27,4861.111111111111
pasir ris,executive,531,pasir ris dr 1,07 to 09,149.0,maisonette,1992,71 years 11 months,710000.0,2019,11,71,27,4765.10067114094
pasir ris,executive,646,pasir ris dr 10,10 to 12,146.0,apartment,1995,74 years 09 months,630000.0,2019,12,74,24,4315.068493150685
pasir ris,executive,459,pasir ris dr 4,10 to 12,144.0,apartment,1992,72 years,700000.0,2019,12,72,27,4861.111111111111
pasir ris,executive,420,pasir ris dr 6,01 to 03,146.0,maisonette,1989,68 years 01 month,715000.0,2019,12,68,30,4897.260273972603
pasir ris,executive,111,pasir ris st 11,01 to 03,146.0,maisonette,1990,69 years 04 months,675000.0,2019,12,69,29,4623.287671232877
pasir ris,executive,268,pasir ris st 21,04 to 06,146.0,apartment,1994,73 years 11 months,545000.0,2019,12,73,25,3732.876712328767
pasir ris,executive,222,pasir ris st 21,07 to 09,149.0,apartment,1993,72 years 07 months,538000.0,2019,12,72,26,3610.738255033557
pasir ris,executive,537,pasir ris st 51,10 to 12,144.0,apartment,1992,72 years,735000.0,2019,12,72,27,5104.166666666667
pasir ris,executive,540,pasir ris st 51,04 to 06,145.0,apartment,1992,72 years,650000.0,2019,12,72,27,4482.758620689655
pasir ris,executive,506,pasir ris st 52,04 to 06,146.0,apartment,1993,72 years 09 months,633000.0,2019,12,72,26,4335.6164383561645
pasir ris,executive,710,pasir ris st 72,01 to 03,146.0,apartment,1996,75 years 06 months,525000.0,2019,12,75,23,3595.890410958904
pasir ris,executive,535,pasir ris dr 1,04 to 06,145.0,apartment,1992,71 years 11 months,685000.0,2020,1,71,28,4724.137931034483
pasir ris,executive,645,pasir ris dr 10,01 to 03,148.0,apartment,1995,74 years 08 months,578000.0,2020,1,74,25,3905.4054054054054
pasir ris,executive,460,pasir ris dr 4,01 to 03,142.0,apartment,1992,71 years 11 months,530000.0,2020,1,71,28,3732.394366197183
pasir ris,executive,160,pasir ris st 13,07 to 09,146.0,apartment,1995,74 years 01 month,585000.0,2020,1,74,25,4006.849315068493
pasir ris,executive,156,pasir ris st 13,04 to 06,147.0,apartment,1995,74 years 01 month,560000.0,2020,1,74,25,3809.5238095238096
pasir ris,executive,208,pasir ris st 21,07 to 09,149.0,apartment,1993,72 years 08 months,588000.0,2020,1,72,27,3946.308724832215
pasir ris,executive,246,pasir ris st 21,07 to 09,149.0,apartment,1993,72 years 06 months,585000.0,2020,1,72,27,3926.1744966442952
pasir ris,executive,540,pasir ris st 51,01 to 03,145.0,apartment,1992,71 years 11 months,628000.0,2020,1,71,28,4331.0344827586205
pasir ris,executive,501,pasir ris st 52,04 to 06,147.0,apartment,1993,72 years 11 months,630000.0,2020,1,72,27,4285.714285714285
pasir ris,executive,510,pasir ris st 52,04 to 06,146.0,apartment,1993,72 years 08 months,580000.0,2020,1,72,27,3972.6027397260273
pasir ris,executive,580,pasir ris st 53,10 to 12,147.0,apartment,1995,74 years 09 months,775000.0,2020,1,74,25,5272.108843537415
pasir ris,executive,717,pasir ris st 72,01 to 03,146.0,apartment,1996,75 years 05 months,526800.0,2020,1,75,24,3608.219178082192
pasir ris,executive,609,elias rd,07 to 09,149.0,apartment,1995,74 years 05 months,660000.0,2020,2,74,25,4429.5302013422815
pasir ris,executive,643,pasir ris dr 10,07 to 09,149.0,apartment,1995,74 years 06 months,606500.0,2020,2,74,25,4070.469798657718
pasir ris,executive,646,pasir ris dr 10,07 to 09,150.0,apartment,1995,74 years 07 months,613888.0,2020,2,74,25,4092.5866666666666
pasir ris,executive,457,pasir ris dr 4,04 to 06,142.0,apartment,1992,71 years 10 months,600000.0,2020,2,71,28,4225.352112676056
pasir ris,executive,128,pasir ris st 11,04 to 06,151.0,maisonette,1988,67 years 09 months,575000.0,2020,2,67,32,3807.9470198675494
pasir ris,executive,101,pasir ris st 12,10 to 12,149.0,maisonette,1988,67 years 09 months,675000.0,2020,2,67,32,4530.201342281879
pasir ris,executive,217,pasir ris st 21,10 to 12,149.0,apartment,1993,72 years 06 months,580000.0,2020,2,72,27,3892.6174496644294
pasir ris,executive,205,pasir ris st 21,10 to 12,148.0,apartment,1993,72 years 07 months,567000.0,2020,2,72,27,3831.0810810810813
pasir ris,executive,541,pasir ris st 51,07 to 09,144.0,apartment,1992,71 years 10 months,770000.0,2020,2,71,28,5347.222222222223
pasir ris,executive,544,pasir ris st 51,07 to 09,143.0,apartment,1992,71 years 10 months,630000.0,2020,2,71,28,4405.5944055944055
pasir ris,executive,505,pasir ris st 52,13 to 15,146.0,apartment,1993,72 years 07 months,670000.0,2020,2,72,27,4589.041095890411
pasir ris,executive,581,pasir ris st 53,01 to 03,149.0,apartment,1995,74 years 08 months,700000.0,2020,2,74,25,4697.986577181208
pasir ris,executive,578,pasir ris st 53,01 to 03,148.0,apartment,1995,74 years 08 months,710000.0,2020,2,74,25,4797.2972972972975
pasir ris,executive,782,pasir ris st 71,07 to 09,144.0,apartment,1996,75 years 06 months,639000.0,2020,2,75,24,4437.5
pasir ris,executive,606,elias rd,01 to 03,154.0,apartment,1995,74 years,688000.0,2020,3,74,25,4467.532467532467
pasir ris,executive,642,pasir ris dr 10,07 to 09,148.0,apartment,1995,74 years 05 months,610000.0,2020,3,74,25,4121.621621621622
pasir ris,executive,129,pasir ris st 11,04 to 06,146.0,maisonette,1988,67 years 08 months,595000.0,2020,3,67,32,4075.3424657534247
pasir ris,executive,271,pasir ris st 21,04 to 06,143.0,apartment,1994,73 years 08 months,580000.0,2020,3,73,26,4055.944055944056
pasir ris,executive,207,pasir ris st 21,01 to 03,147.0,apartment,1993,72 years 06 months,540000.0,2020,3,72,27,3673.469387755102
pasir ris,executive,537,pasir ris st 51,04 to 06,148.0,maisonette,1992,71 years 09 months,760000.0,2020,3,71,28,5135.135135135135
pasir ris,executive,108,pasir ris st 12,10 to 12,146.0,maisonette,1988,67 years 05 months,650000.0,2020,4,67,32,4452.054794520548
pasir ris,executive,161,pasir ris st 13,07 to 09,150.0,apartment,1995,73 years 11 months,630000.0,2020,4,73,25,4200.0
pasir ris,executive,236,pasir ris st 21,04 to 06,147.0,apartment,1993,72 years 03 months,600000.0,2020,4,72,27,4081.6326530612246
pasir ris,executive,239,pasir ris st 21,07 to 09,146.0,apartment,1993,72 years 04 months,550000.0,2020,4,72,27,3767.123287671233
pasir ris,executive,208,pasir ris st 21,04 to 06,147.0,apartment,1993,72 years 05 months,520000.0,2020,4,72,27,3537.4149659863947
pasir ris,executive,717,pasir ris st 72,10 to 12,148.0,apartment,1996,75 years 03 months,585000.0,2020,4,75,24,3952.7027027027025
pasir ris,executive,129,pasir ris st 11,01 to 03,146.0,maisonette,1988,67 years 07 months,575000.0,2020,5,67,32,3938.3561643835615
pasir ris,executive,220,pasir ris st 21,10 to 12,148.0,apartment,1993,72 years 03 months,600000.0,2020,5,72,27,4054.054054054054
pasir ris,executive,243,pasir ris st 21,07 to 09,145.0,apartment,1993,72 years 03 months,538000.0,2020,5,72,27,3710.344827586207
pasir ris,executive,646,pasir ris dr 10,04 to 06,146.0,apartment,1995,74 years 06 months,575000.0,2020,6,74,25,3938.3561643835615
pasir ris,executive,647,pasir ris dr 10,04 to 06,148.0,apartment,1995,74 years 04 months,610000.0,2020,6,74,25,4121.621621621622
pasir ris,executive,642,pasir ris dr 10,04 to 06,150.0,apartment,1995,74 years 03 months,615000.0,2020,6,74,25,4100.0
pasir ris,executive,459,pasir ris dr 4,07 to 09,144.0,apartment,1992,71 years 08 months,645000.0,2020,6,71,28,4479.166666666667
pasir ris,executive,418,pasir ris dr 6,04 to 06,149.0,maisonette,1989,68 years,708000.0,2020,6,68,31,4751.677852348993
pasir ris,executive,134,pasir ris st 11,07 to 09,145.0,apartment,1994,73 years,575000.0,2020,6,73,26,3965.5172413793102
pasir ris,executive,128,pasir ris st 11,04 to 06,146.0,maisonette,1988,67 years 06 months,595000.0,2020,6,67,32,4075.3424657534247
pasir ris,executive,136,pasir ris st 11,04 to 06,149.0,apartment,1994,73 years 05 months,575000.0,2020,6,73,26,3859.0604026845635
pasir ris,executive,209,pasir ris st 21,10 to 12,149.0,apartment,1993,72 years 05 months,588888.0,2020,6,72,27,3952.268456375839
pasir ris,executive,205,pasir ris st 21,01 to 03,147.0,apartment,1993,72 years 05 months,545000.0,2020,6,72,27,3707.482993197279
pasir ris,executive,204,pasir ris st 21,04 to 06,147.0,apartment,1993,72 years 05 months,560000.0,2020,6,72,27,3809.5238095238096
pasir ris,executive,271,pasir ris st 21,01 to 03,146.0,apartment,1994,73 years 05 months,545000.0,2020,6,73,26,3732.876712328767
pasir ris,executive,210,pasir ris st 21,04 to 06,149.0,apartment,1993,72 years 04 months,573000.0,2020,6,72,27,3845.6375838926174
pasir ris,executive,541,pasir ris st 51,04 to 06,143.0,apartment,1992,71 years 06 months,650000.0,2020,6,71,28,4545.454545454545
pasir ris,executive,505,pasir ris st 52,07 to 09,146.0,apartment,1993,72 years 05 months,650000.0,2020,6,72,27,4452.054794520548
pasir ris,executive,581,pasir ris st 53,07 to 09,147.0,apartment,1995,74 years 06 months,700000.0,2020,6,74,25,4761.9047619047615
pasir ris,executive,713,pasir ris st 72,01 to 03,147.0,apartment,1996,75 years 02 months,540000.0,2020,6,75,24,3673.469387755102
pasir ris,executive,607,elias rd,01 to 03,155.0,apartment,1995,74 years,615000.0,2020,7,74,25,3967.7419354838707
pasir ris,executive,608,elias rd,16 to 18,149.0,apartment,1995,74 years,700000.0,2020,7,74,25,4697.986577181208
pasir ris,executive,536,pasir ris dr 1,10 to 12,147.0,apartment,1992,71 years 05 months,668000.0,2020,7,71,28,4544.21768707483
pasir ris,executive,460,pasir ris dr 4,07 to 09,144.0,apartment,1992,71 years 05 months,685000.0,2020,7,71,28,4756.944444444444
pasir ris,executive,413,pasir ris dr 6,01 to 03,146.0,maisonette,1989,68 years 05 months,708000.0,2020,7,68,31,4849.315068493151
pasir ris,executive,129,pasir ris st 11,04 to 06,146.0,maisonette,1988,67 years 04 months,643000.0,2020,7,67,32,4404.109589041096
pasir ris,executive,129,pasir ris st 11,04 to 06,146.0,maisonette,1988,67 years 04 months,588800.0,2020,7,67,32,4032.876712328767
pasir ris,executive,108,pasir ris st 12,04 to 06,146.0,maisonette,1988,67 years 02 months,645000.0,2020,7,67,32,4417.808219178082
pasir ris,executive,240,pasir ris st 21,13 to 15,147.0,apartment,1993,72 years 01 month,548000.0,2020,7,72,27,3727.891156462585
pasir ris,executive,220,pasir ris st 21,07 to 09,148.0,apartment,1993,72 years 01 month,588888.0,2020,7,72,27,3978.972972972973
pasir ris,executive,236,pasir ris st 21,13 to 15,146.0,apartment,1993,72 years 01 month,595000.0,2020,7,72,27,4075.3424657534247
pasir ris,executive,224,pasir ris st 21,07 to 09,149.0,apartment,1993,72 years,620000.0,2020,7,72,27,4161.073825503356
pasir ris,executive,208,pasir ris st 21,07 to 09,147.0,apartment,1993,72 years 02 months,560000.0,2020,7,72,27,3809.5238095238096
pasir ris,executive,269,pasir ris st 21,04 to 06,145.0,apartment,1994,73 years 03 months,520000.0,2020,7,73,26,3586.206896551724
pasir ris,executive,506,pasir ris st 52,13 to 15,146.0,apartment,1993,72 years 03 months,680000.0,2020,7,72,27,4657.534246575343
pasir ris,executive,779,pasir ris st 71,04 to 06,143.0,apartment,1996,75 years 02 months,615000.0,2020,7,75,24,4300.699300699301
pasir ris,executive,603,elias rd,01 to 03,149.0,maisonette,1995,73 years 07 months,645000.0,2020,8,73,25,4328.859060402685
pasir ris,executive,609,elias rd,10 to 12,155.0,apartment,1995,73 years 11 months,630000.0,2020,8,73,25,4064.516129032258
pasir ris,executive,650,pasir ris dr 10,07 to 09,146.0,apartment,1995,74 years 01 month,555000.0,2020,8,74,25,3801.3698630136987
pasir ris,executive,648,pasir ris dr 10,04 to 06,148.0,apartment,1995,74 years,622000.0,2020,8,74,25,4202.7027027027025
pasir ris,executive,646,pasir ris dr 10,07 to 09,146.0,apartment,1995,74 years 01 month,590000.0,2020,8,74,25,4041.095890410959
pasir ris,executive,460,pasir ris dr 4,01 to 03,144.0,apartment,1992,71 years 04 months,605000.0,2020,8,71,28,4201.388888888889
pasir ris,executive,457,pasir ris dr 4,04 to 06,142.0,apartment,1992,71 years 04 months,600000.0,2020,8,71,28,4225.352112676056
pasir ris,executive,418,pasir ris dr 6,04 to 06,149.0,maisonette,1989,67 years 09 months,721800.0,2020,8,67,31,4844.295302013423
pasir ris,executive,136,pasir ris st 11,07 to 09,149.0,apartment,1994,73 years 02 months,565000.0,2020,8,73,26,3791.9463087248323
pasir ris,executive,120,pasir ris st 11,01 to 03,147.0,maisonette,1988,66 years 11 months,580000.0,2020,8,66,32,3945.578231292517
pasir ris,executive,101,pasir ris st 12,07 to 09,146.0,maisonette,1988,67 years 04 months,625000.0,2020,8,67,32,4280.821917808219
pasir ris,executive,160,pasir ris st 13,01 to 03,148.0,apartment,1995,73 years 06 months,520000.0,2020,8,73,25,3513.5135135135133
pasir ris,executive,240,pasir ris st 21,07 to 09,147.0,apartment,1993,72 years,573000.0,2020,8,72,27,3897.9591836734694
pasir ris,executive,220,pasir ris st 21,07 to 09,152.0,apartment,1993,71 years 11 months,550000.0,2020,8,71,27,3618.4210526315787
pasir ris,executive,248,pasir ris st 21,07 to 09,146.0,apartment,1993,72 years,518000.0,2020,8,72,27,3547.945205479452
pasir ris,executive,247,pasir ris st 21,01 to 03,148.0,apartment,1993,71 years 11 months,575000.0,2020,8,71,27,3885.135135135135
pasir ris,executive,248,pasir ris st 21,04 to 06,146.0,apartment,1993,72 years,565000.0,2020,8,72,27,3869.8630136986303
pasir ris,executive,205,pasir ris st 21,07 to 09,148.0,apartment,1993,72 years 02 months,588000.0,2020,8,72,27,3972.972972972973
pasir ris,executive,244,pasir ris st 21,10 to 12,145.0,apartment,1993,71 years 11 months,585000.0,2020,8,71,27,4034.4827586206898
pasir ris,executive,236,pasir ris st 21,01 to 03,146.0,apartment,1993,71 years 11 months,570000.0,2020,8,71,27,3904.109589041096
pasir ris,executive,236,pasir ris st 21,01 to 03,150.0,apartment,1993,71 years 11 months,548000.0,2020,8,71,27,3653.3333333333335
pasir ris,executive,251,pasir ris st 21,01 to 03,149.0,apartment,1993,71 years 11 months,580000.0,2020,8,71,27,3892.6174496644294
pasir ris,executive,550,pasir ris st 51,13 to 15,144.0,apartment,1992,71 years 04 months,705000.0,2020,8,71,28,4895.833333333333
pasir ris,executive,543,pasir ris st 51,10 to 12,144.0,apartment,1992,71 years 04 months,680000.0,2020,8,71,28,4722.222222222223
pasir ris,executive,538,pasir ris st 51,01 to 03,144.0,apartment,1992,71 years 04 months,640000.0,2020,8,71,28,4444.444444444444
pasir ris,executive,585,pasir ris st 53,10 to 12,152.0,maisonette,1995,74 years 02 months,730000.0,2020,8,74,25,4802.631578947368
pasir ris,executive,782,pasir ris st 71,07 to 09,143.0,apartment,1996,75 years,633000.0,2020,8,75,24,4426.573426573426
pasir ris,executive,604,elias rd,07 to 09,154.0,apartment,1995,73 years 06 months,700000.0,2020,9,73,25,4545.454545454545
pasir ris,executive,422,pasir ris dr 6,04 to 06,151.0,maisonette,1989,68 years 02 months,740000.0,2020,9,68,31,4900.662251655629
pasir ris,executive,128,pasir ris st 11,04 to 06,151.0,maisonette,1988,67 years 03 months,585000.0,2020,9,67,32,3874.1721854304637
pasir ris,executive,131,pasir ris st 11,01 to 03,147.0,apartment,1994,73 years 02 months,535000.0,2020,9,73,26,3639.4557823129253
pasir ris,executive,134,pasir ris st 11,04 to 06,145.0,apartment,1994,72 years 07 months,570000.0,2020,9,72,26,3931.0344827586205
pasir ris,executive,108,pasir ris st 12,04 to 06,146.0,maisonette,1988,67 years,640000.0,2020,9,67,32,4383.561643835616
pasir ris,executive,101,pasir ris st 12,10 to 12,146.0,maisonette,1988,67 years 02 months,670000.0,2020,9,67,32,4589.041095890411
pasir ris,executive,153,pasir ris st 13,01 to 03,144.0,apartment,1995,73 years 06 months,530000.0,2020,9,73,25,3680.5555555555557
pasir ris,executive,236,pasir ris st 21,04 to 06,148.0,apartment,1993,71 years 11 months,600000.0,2020,9,71,27,4054.054054054054
pasir ris,executive,220,pasir ris st 21,01 to 03,148.0,apartment,1993,71 years 11 months,530000.0,2020,9,71,27,3581.0810810810813
pasir ris,executive,266,pasir ris st 21,04 to 06,146.0,apartment,1994,73 years 02 months,598000.0,2020,9,73,26,4095.890410958904
pasir ris,executive,209,pasir ris st 21,04 to 06,147.0,apartment,1993,72 years,593000.0,2020,9,72,27,4034.013605442177
pasir ris,executive,224,pasir ris st 21,10 to 12,147.0,apartment,1993,71 years 10 months,579000.0,2020,9,71,27,3938.7755102040815
pasir ris,executive,466,pasir ris st 41,01 to 03,148.0,maisonette,1992,71 years 03 months,628000.0,2020,9,71,28,4243.243243243243
pasir ris,executive,541,pasir ris st 51,04 to 06,143.0,apartment,1992,71 years 04 months,650000.0,2020,9,71,28,4545.454545454545
pasir ris,executive,537,pasir ris st 51,04 to 06,144.0,apartment,1992,71 years 03 months,700000.0,2020,9,71,28,4861.111111111111
pasir ris,executive,580,pasir ris st 53,07 to 09,148.0,apartment,1995,74 years 02 months,770000.0,2020,9,74,25,5202.7027027027025
pasir ris,executive,586,pasir ris st 53,07 to 09,145.0,apartment,1995,74 years 01 month,758000.0,2020,9,74,25,5227.586206896552
pasir ris,executive,782,pasir ris st 71,01 to 03,143.0,apartment,1996,75 years,625000.0,2020,9,75,24,4370.629370629371
pasir ris,executive,714,pasir ris st 72,07 to 09,143.0,apartment,1996,74 years 09 months,625000.0,2020,9,74,24,4370.629370629371
pasir ris,executive,604,elias rd,13 to 15,150.0,apartment,1995,73 years 06 months,700000.0,2020,10,73,25,4666.666666666667
pasir ris,executive,531,pasir ris dr 1,07 to 09,148.0,maisonette,1992,71 years 03 months,765000.0,2020,10,71,28,5168.918918918919
pasir ris,executive,459,pasir ris dr 4,07 to 09,147.0,apartment,1992,71 years 02 months,655000.0,2020,10,71,28,4455.78231292517
pasir ris,executive,460,pasir ris dr 4,04 to 06,146.0,apartment,1992,71 years 02 months,635000.0,2020,10,71,28,4349.315068493151
pasir ris,executive,448,pasir ris dr 6,04 to 06,146.0,maisonette,1989,68 years 02 months,688000.0,2020,10,68,31,4712.328767123287
pasir ris,executive,418,pasir ris dr 6,04 to 06,149.0,maisonette,1989,67 years 06 months,680000.0,2020,10,67,31,4563.758389261745
pasir ris,executive,129,pasir ris st 11,07 to 09,151.0,maisonette,1988,67 years 01 month,618000.0,2020,10,67,32,4092.7152317880796
pasir ris,executive,108,pasir ris st 12,10 to 12,146.0,maisonette,1988,67 years,668000.0,2020,10,67,32,4575.342465753424
pasir ris,executive,239,pasir ris st 21,01 to 03,147.0,apartment,1993,71 years 10 months,520000.0,2020,10,71,27,3537.4149659863947
pasir ris,executive,203,pasir ris st 21,04 to 06,146.0,apartment,1993,72 years,575000.0,2020,10,72,27,3938.3561643835615
pasir ris,executive,217,pasir ris st 21,01 to 03,147.0,apartment,1993,71 years 10 months,538000.0,2020,10,71,27,3659.8639455782313
pasir ris,executive,224,pasir ris st 21,07 to 09,148.0,apartment,1993,71 years 09 months,590000.0,2020,10,71,27,3986.4864864864867
pasir ris,executive,248,pasir ris st 21,10 to 12,148.0,apartment,1993,71 years 10 months,555000.0,2020,10,71,27,3750.0
pasir ris,executive,245,pasir ris st 21,10 to 12,146.0,apartment,1993,71 years 09 months,595000.0,2020,10,71,27,4075.3424657534247
pasir ris,executive,266,pasir ris st 21,04 to 06,143.0,apartment,1994,73 years,560000.0,2020,10,73,26,3916.083916083916
pasir ris,executive,221,pasir ris st 21,04 to 06,149.0,apartment,1993,71 years 09 months,525000.0,2020,10,71,27,3523.489932885906
pasir ris,executive,220,pasir ris st 21,10 to 12,152.0,apartment,1993,71 years 09 months,615000.0,2020,10,71,27,4046.0526315789475
pasir ris,executive,250,pasir ris st 21,10 to 12,145.0,apartment,1993,71 years 09 months,590000.0,2020,10,71,27,4068.9655172413795
pasir ris,executive,464,pasir ris st 41,04 to 06,148.0,maisonette,1992,71 years 03 months,655000.0,2020,10,71,28,4425.675675675676
pasir ris,executive,463,pasir ris st 41,07 to 09,146.0,apartment,1992,71 years 03 months,570000.0,2020,10,71,28,3904.109589041096
pasir ris,executive,463,pasir ris st 41,04 to 06,146.0,apartment,1992,71 years 02 months,615000.0,2020,10,71,28,4212.328767123287
pasir ris,executive,543,pasir ris st 51,04 to 06,144.0,apartment,1992,71 years 03 months,660000.0,2020,10,71,28,4583.333333333333
pasir ris,executive,537,pasir ris st 51,04 to 06,149.0,maisonette,1992,71 years 02 months,715000.0,2020,10,71,28,4798.657718120805
pasir ris,executive,542,pasir ris st 51,01 to 03,147.0,maisonette,1992,71 years 02 months,685000.0,2020,10,71,28,4659.863945578231
pasir ris,executive,714,pasir ris st 72,13 to 15,146.0,apartment,1996,74 years 09 months,645000.0,2020,10,74,24,4417.808219178082
pasir ris,executive,713,pasir ris st 72,10 to 12,143.0,apartment,1996,74 years 08 months,630000.0,2020,10,74,24,4405.5944055944055
pasir ris,executive,710,pasir ris st 72,07 to 09,146.0,apartment,1996,74 years 08 months,570000.0,2020,10,74,24,3904.109589041096
pasir ris,executive,644,pasir ris dr 10,10 to 12,149.0,apartment,1995,73 years 11 months,610000.0,2020,11,73,25,4093.959731543624
pasir ris,executive,457,pasir ris dr 4,07 to 09,147.0,apartment,1992,71 years 02 months,615000.0,2020,11,71,28,4183.673469387755
pasir ris,executive,448,pasir ris dr 6,01 to 03,146.0,maisonette,1989,68 years 02 months,675000.0,2020,11,68,31,4623.287671232877
pasir ris,executive,418,pasir ris dr 6,07 to 09,149.0,maisonette,1989,67 years 06 months,730000.0,2020,11,67,31,4899.3288590604025
pasir ris,executive,129,pasir ris st 11,01 to 03,151.0,maisonette,1988,67 years 01 month,570000.0,2020,11,67,32,3774.8344370860927
pasir ris,executive,246,pasir ris st 21,07 to 09,149.0,apartment,1993,71 years 09 months,580000.0,2020,11,71,27,3892.6174496644294
pasir ris,executive,269,pasir ris st 21,04 to 06,145.0,apartment,1994,73 years,605000.0,2020,11,73,26,4172.413793103448
pasir ris,executive,247,pasir ris st 21,10 to 12,150.0,apartment,1993,71 years 08 months,610888.0,2020,11,71,27,4072.5866666666666
pasir ris,executive,250,pasir ris st 21,10 to 12,145.0,apartment,1993,71 years 08 months,580000.0,2020,11,71,27,4000.0
pasir ris,executive,268,pasir ris st 21,01 to 03,146.0,apartment,1994,72 years 11 months,545000.0,2020,11,72,26,3732.876712328767
pasir ris,executive,464,pasir ris st 41,07 to 09,147.0,apartment,1992,71 years 02 months,635000.0,2020,11,71,28,4319.727891156463
pasir ris,executive,537,pasir ris st 51,01 to 03,148.0,maisonette,1992,71 years 02 months,710000.0,2020,11,71,28,4797.2972972972975
pasir ris,executive,550,pasir ris st 51,10 to 12,144.0,apartment,1992,71 years 02 months,670000.0,2020,11,71,28,4652.777777777777
pasir ris,executive,541,pasir ris st 51,13 to 15,144.0,apartment,1992,71 years 02 months,750000.0,2020,11,71,28,5208.333333333333
pasir ris,executive,548,pasir ris st 51,07 to 09,144.0,apartment,1992,71 years 02 months,698000.0,2020,11,71,28,4847.222222222223
pasir ris,executive,544,pasir ris st 51,04 to 06,143.0,apartment,1992,70 years 11 months,630000.0,2020,11,70,28,4405.5944055944055
pasir ris,executive,503,pasir ris st 52,07 to 09,146.0,apartment,1993,72 years 01 month,645000.0,2020,11,72,27,4417.808219178082
pasir ris,executive,578,pasir ris st 53,10 to 12,148.0,apartment,1995,74 years,785000.0,2020,11,74,25,5304.054054054054
pasir ris,executive,582,pasir ris st 53,01 to 03,148.0,apartment,1995,74 years,685000.0,2020,11,74,25,4628.378378378378
pasir ris,executive,782,pasir ris st 71,01 to 03,144.0,apartment,1996,74 years 10 months,640000.0,2020,11,74,24,4444.444444444444
pasir ris,executive,710,pasir ris st 72,07 to 09,145.0,maisonette,1996,74 years 08 months,640000.0,2020,11,74,24,4413.793103448276
pasir ris,executive,710,pasir ris st 72,04 to 06,148.0,apartment,1996,74 years 08 months,630000.0,2020,11,74,24,4256.756756756757
pasir ris,executive,606,elias rd,07 to 09,149.0,apartment,1995,73 years 04 months,718000.0,2020,12,73,25,4818.791946308725
pasir ris,executive,531,pasir ris dr 1,01 to 03,148.0,maisonette,1992,70 years 11 months,730000.0,2020,12,70,28,4932.4324324324325
pasir ris,executive,643,pasir ris dr 10,10 to 12,145.0,apartment,1995,73 years 09 months,620000.0,2020,12,73,25,4275.862068965517
pasir ris,executive,647,pasir ris dr 10,10 to 12,149.0,apartment,1995,73 years 09 months,688000.0,2020,12,73,25,4617.4496644295305
pasir ris,executive,649,pasir ris dr 10,07 to 09,145.0,apartment,1995,73 years 09 months,608000.0,2020,12,73,25,4193.103448275862
pasir ris,executive,649,pasir ris dr 10,04 to 06,146.0,apartment,1995,73 years 09 months,610000.0,2020,12,73,25,4178.082191780822
pasir ris,executive,449,pasir ris dr 6,01 to 03,147.0,maisonette,1989,67 years 11 months,715000.0,2020,12,67,31,4863.9455782312925
pasir ris,executive,155,pasir ris st 13,01 to 03,151.0,apartment,1995,73 years 03 months,550000.0,2020,12,73,25,3642.384105960265
pasir ris,executive,153,pasir ris st 13,01 to 03,146.0,apartment,1995,73 years 02 months,548000.0,2020,12,73,25,3753.4246575342468
pasir ris,executive,220,pasir ris st 21,07 to 09,152.0,apartment,1993,71 years 08 months,580000.0,2020,12,71,27,3815.7894736842104
pasir ris,executive,208,pasir ris st 21,04 to 06,147.0,apartment,1993,71 years 10 months,588000.0,2020,12,71,27,4000.0
pasir ris,executive,546,pasir ris st 51,04 to 06,143.0,apartment,1992,70 years 11 months,643000.0,2020,12,70,28,4496.5034965034965
pasir ris,executive,541,pasir ris st 51,01 to 03,145.0,apartment,1992,70 years 11 months,690000.0,2020,12,70,28,4758.620689655172
pasir ris,executive,544,pasir ris st 51,01 to 03,143.0,apartment,1992,71 years,635000.0,2020,12,71,28,4440.55944055944
pasir ris,executive,543,pasir ris st 51,10 to 12,143.0,apartment,1992,71 years,750000.0,2020,12,71,28,5244.755244755244
pasir ris,executive,510,pasir ris st 52,16 to 18,146.0,apartment,1993,71 years 10 months,755000.0,2020,12,71,27,5171.232876712329
pasir ris,executive,500,pasir ris st 52,01 to 03,146.0,apartment,1993,72 years 01 month,625000.0,2020,12,72,27,4280.821917808219
pasir ris,executive,506,pasir ris st 52,10 to 12,145.0,apartment,1993,71 years 10 months,690000.0,2020,12,71,27,4758.620689655172
pasir ris,executive,500,pasir ris st 52,07 to 09,144.0,apartment,1993,72 years 01 month,675000.0,2020,12,72,27,4687.5
pasir ris,executive,584,pasir ris st 53,13 to 15,147.0,apartment,1995,73 years 11 months,760288.0,2020,12,73,25,5172.027210884354
pasir ris,executive,583,pasir ris st 53,04 to 06,146.0,apartment,1995,73 years 11 months,705000.0,2020,12,73,25,4828.767123287671
pasir ris,executive,585,pasir ris st 53,04 to 06,151.0,maisonette,1995,73 years 10 months,775000.0,2020,12,73,25,5132.450331125828
pasir ris,executive,711,pasir ris st 72,10 to 12,146.0,apartment,1996,74 years 07 months,643000.0,2020,12,74,24,4404.109589041096
pasir ris,executive,271,pasir ris st 21,01 to 03,144.0,apartment,1994,72 years 10 months,545000.0,2021,1,72,27,3784.722222222222
pasir ris,executive,270,pasir ris st 21,04 to 06,144.0,apartment,1994,72 years 11 months,558388.0,2021,1,72,27,3877.6944444444443
pasir ris,executive,240,pasir ris st 21,10 to 12,150.0,apartment,1993,71 years 07 months,585000.0,2021,1,71,28,3900.0
pasir ris,executive,457,pasir ris dr 4,01 to 03,142.0,apartment,1992,71 years,585000.0,2021,1,71,29,4119.718309859155
pasir ris,executive,241,pasir ris st 21,10 to 12,146.0,apartment,1993,71 years 06 months,588000.0,2021,1,71,28,4027.3972602739727
pasir ris,executive,203,pasir ris st 21,01 to 03,147.0,apartment,1993,71 years 08 months,605000.0,2021,1,71,28,4115.646258503401
pasir ris,executive,643,pasir ris dr 10,01 to 03,149.0,apartment,1995,73 years 10 months,610000.0,2021,1,73,26,4093.959731543624
pasir ris,executive,650,pasir ris dr 10,04 to 06,146.0,apartment,1995,73 years 09 months,615000.0,2021,1,73,26,4212.328767123287
pasir ris,executive,644,pasir ris dr 10,07 to 09,148.0,apartment,1995,73 years 09 months,620000.0,2021,1,73,26,4189.189189189189
pasir ris,executive,266,pasir ris st 21,01 to 03,146.0,apartment,1994,72 years 10 months,630288.0,2021,1,72,27,4317.041095890411
pasir ris,executive,780,pasir ris st 71,04 to 06,143.0,apartment,1996,74 years 07 months,633000.0,2021,1,74,25,4426.573426573426
pasir ris,executive,128,pasir ris st 11,07 to 09,146.0,maisonette,1988,66 years 11 months,645888.0,2021,1,66,33,4423.890410958904
pasir ris,executive,538,pasir ris st 51,01 to 03,143.0,apartment,1992,71 years,648000.0,2021,1,71,29,4531.468531468531
pasir ris,executive,508,pasir ris st 52,04 to 06,146.0,apartment,1993,71 years 09 months,655000.0,2021,1,71,28,4486.301369863014
pasir ris,executive,457,pasir ris dr 4,10 to 12,146.0,apartment,1992,70 years 11 months,675000.0,2021,1,70,29,4623.287671232877
pasir ris,executive,601,elias rd,10 to 12,149.0,apartment,1995,73 years 03 months,680000.0,2021,1,73,26,4563.758389261745
pasir ris,executive,607,elias rd,04 to 06,149.0,apartment,1995,73 years 06 months,685000.0,2021,1,73,26,4597.315436241611
pasir ris,executive,459,pasir ris dr 4,07 to 09,144.0,apartment,1992,71 years,685000.0,2021,1,71,29,4756.944444444444
pasir ris,executive,712,pasir ris st 72,07 to 09,143.0,apartment,1996,74 years 06 months,685000.0,2021,1,74,25,4790.20979020979
pasir ris,executive,603,elias rd,04 to 06,149.0,maisonette,1995,73 years 04 months,695000.0,2021,1,73,26,4664.4295302013425
pasir ris,executive,101,pasir ris st 12,01 to 03,146.0,maisonette,1988,66 years 10 months,695000.0,2021,1,66,33,4760.273972602739
pasir ris,executive,116,pasir ris st 11,01 to 03,147.0,maisonette,1989,67 years,702888.0,2021,1,67,32,4781.551020408163
pasir ris,executive,606,elias rd,10 to 12,150.0,apartment,1995,73 years 02 months,710000.0,2021,1,73,26,4733.333333333333
pasir ris,executive,548,pasir ris st 51,04 to 06,144.0,apartment,1992,71 years,720000.0,2021,1,71,29,5000.0
pasir ris,executive,243,pasir ris st 21,10 to 12,150.0,apartment,1993,71 years 07 months,758000.0,2021,1,71,28,5053.333333333333
pasir ris,executive,584,pasir ris st 53,07 to 09,146.0,apartment,1995,73 years 10 months,765000.0,2021,1,73,26,5239.726027397261
pasir ris,executive,601,elias rd,13 to 15,154.0,apartment,1995,73 years 03 months,775000.0,2021,1,73,26,5032.467532467533
pasir ris,executive,586,pasir ris st 53,10 to 12,147.0,apartment,1995,73 years 10 months,790000.0,2021,1,73,26,5374.149659863946
pasir ris,executive,418,pasir ris dr 6,10 to 12,149.0,maisonette,1989,67 years 04 months,838000.0,2021,1,67,32,5624.161073825503
pasir ris,executive,245,pasir ris st 21,07 to 09,150.0,apartment,1993,71 years 05 months,555000.0,2021,2,71,28,3700.0
pasir ris,executive,153,pasir ris st 13,01 to 03,146.0,apartment,1995,73 years 01 month,560000.0,2021,2,73,26,3835.6164383561645
pasir ris,executive,223,pasir ris st 21,04 to 06,148.0,apartment,1993,71 years 06 months,560000.0,2021,2,71,28,3783.7837837837837
pasir ris,executive,220,pasir ris st 21,07 to 09,152.0,apartment,1993,71 years 06 months,585000.0,2021,2,71,28,3848.684210526316
pasir ris,executive,223,pasir ris st 21,04 to 06,147.0,apartment,1993,71 years 06 months,590000.0,2021,2,71,28,4013.605442176871
pasir ris,executive,210,pasir ris st 21,07 to 09,147.0,apartment,1993,71 years 07 months,600000.0,2021,2,71,28,4081.6326530612246
pasir ris,executive,205,pasir ris st 21,04 to 06,147.0,apartment,1993,71 years 08 months,610000.0,2021,2,71,28,4149.659863945578
pasir ris,executive,716,pasir ris st 72,04 to 06,143.0,apartment,1996,74 years 04 months,612682.0,2021,2,74,25,4284.48951048951
pasir ris,executive,649,pasir ris dr 10,04 to 06,146.0,apartment,1995,73 years 07 months,615000.0,2021,2,73,26,4212.328767123287
pasir ris,executive,501,pasir ris st 52,01 to 03,146.0,apartment,1993,71 years 11 months,625000.0,2021,2,71,28,4280.821917808219
pasir ris,executive,204,pasir ris st 21,10 to 12,147.0,apartment,1993,71 years 08 months,628000.0,2021,2,71,28,4272.108843537415
pasir ris,executive,463,pasir ris st 41,07 to 09,146.0,apartment,1992,70 years 11 months,628000.0,2021,2,70,29,4301.369863013699
pasir ris,executive,154,pasir ris st 13,07 to 09,144.0,apartment,1995,73 years,640000.0,2021,2,73,26,4444.444444444444
pasir ris,executive,710,pasir ris st 72,07 to 09,148.0,apartment,1996,74 years 05 months,660000.0,2021,2,74,25,4459.459459459459
pasir ris,executive,500,pasir ris st 52,01 to 03,145.0,apartment,1993,71 years 10 months,670000.0,2021,2,71,28,4620.689655172414
pasir ris,executive,507,pasir ris st 52,07 to 09,145.0,apartment,1993,71 years 07 months,670000.0,2021,2,71,28,4620.689655172414
pasir ris,executive,547,pasir ris st 51,01 to 03,149.0,maisonette,1992,70 years 10 months,680000.0,2021,2,70,29,4563.758389261745
pasir ris,executive,422,pasir ris dr 6,07 to 09,145.0,maisonette,1989,67 years 08 months,688000.0,2021,2,67,32,4744.827586206897
pasir ris,executive,129,pasir ris st 11,04 to 06,142.0,apartment,1988,66 years 10 months,688000.0,2021,2,66,33,4845.070422535211
pasir ris,executive,608,elias rd,10 to 12,154.0,apartment,1995,73 years 07 months,700000.0,2021,2,73,26,4545.454545454545
pasir ris,executive,408,pasir ris dr 6,01 to 03,145.0,maisonette,1990,68 years 02 months,705000.0,2021,2,68,31,4862.068965517241
pasir ris,executive,447,pasir ris dr 6,01 to 03,147.0,maisonette,1989,67 years 09 months,715000.0,2021,2,67,32,4863.9455782312925
pasir ris,executive,585,pasir ris st 53,07 to 09,146.0,maisonette,1995,73 years 08 months,750888.0,2021,2,73,26,5143.068493150685
pasir ris,executive,135,pasir ris st 11,01 to 03,147.0,apartment,1994,72 years 08 months,570000.0,2021,3,72,27,3877.5510204081634
pasir ris,executive,466,pasir ris st 41,01 to 03,145.0,apartment,1992,70 years 09 months,588000.0,2021,3,70,29,4055.1724137931033
pasir ris,executive,217,pasir ris st 21,07 to 09,149.0,apartment,1993,71 years 05 months,593000.0,2021,3,71,28,3979.8657718120803
pasir ris,executive,248,pasir ris st 21,04 to 06,150.0,apartment,1993,71 years 05 months,613000.0,2021,3,71,28,4086.6666666666665
pasir ris,executive,120,pasir ris st 11,01 to 03,147.0,maisonette,1988,66 years 04 months,650000.0,2021,3,66,33,4421.768707482993
pasir ris,executive,459,pasir ris dr 4,07 to 09,142.0,apartment,1992,70 years 10 months,662000.0,2021,3,70,29,4661.971830985915
pasir ris,executive,116,pasir ris st 11,01 to 03,147.0,maisonette,1989,66 years 11 months,688888.0,2021,3,66,32,4686.312925170068
pasir ris,executive,780,pasir ris st 71,04 to 06,143.0,apartment,1996,74 years 06 months,702000.0,2021,3,74,25,4909.090909090909
pasir ris,executive,608,elias rd,16 to 18,149.0,apartment,1995,73 years 04 months,710000.0,2021,3,73,26,4765.10067114094
pasir ris,executive,548,pasir ris st 51,10 to 12,144.0,apartment,1992,70 years 09 months,710000.0,2021,3,70,29,4930.555555555556
pasir ris,executive,108,pasir ris st 12,07 to 09,146.0,maisonette,1988,66 years 06 months,715000.0,2021,3,66,33,4897.260273972603
pasir ris,executive,420,pasir ris dr 6,01 to 03,156.0,maisonette,1989,66 years 11 months,747000.0,2021,3,66,32,4788.461538461538
pasir ris,executive,408,pasir ris dr 6,10 to 12,147.0,maisonette,1990,68 years 02 months,750888.0,2021,3,68,31,5108.081632653061
pasir ris,executive,137,pasir ris st 11,04 to 06,149.0,apartment,1994,72 years 01 month,560000.0,2021,4,72,27,3758.3892617449665
pasir ris,executive,251,pasir ris st 21,01 to 03,148.0,apartment,1993,71 years 04 months,580000.0,2021,4,71,28,3918.9189189189187
pasir ris,executive,239,pasir ris st 21,01 to 03,146.0,apartment,1993,71 years 04 months,600000.0,2021,4,71,28,4109.58904109589
pasir ris,executive,135,pasir ris st 11,04 to 06,149.0,apartment,1994,72 years 07 months,635000.0,2021,4,72,27,4261.744966442953
pasir ris,executive,240,pasir ris st 21,10 to 12,150.0,apartment,1993,71 years 04 months,638000.0,2021,4,71,28,4253.333333333333
pasir ris,executive,605,elias rd,01 to 03,150.0,apartment,1995,73 years,650000.0,2021,4,73,26,4333.333333333333
pasir ris,executive,101,pasir ris st 12,04 to 06,146.0,maisonette,1988,66 years 08 months,650000.0,2021,4,66,33,4452.054794520548
pasir ris,executive,778,pasir ris st 71,01 to 03,143.0,apartment,1996,74 years 05 months,650000.0,2021,4,74,25,4545.454545454545
pasir ris,executive,780,pasir ris st 71,01 to 03,144.0,apartment,1996,74 years 05 months,655000.0,2021,4,74,25,4548.611111111111
pasir ris,executive,120,pasir ris st 11,01 to 03,147.0,maisonette,1988,66 years 04 months,660000.0,2021,4,66,33,4489.7959183673465
pasir ris,executive,536,pasir ris dr 1,04 to 06,150.0,apartment,1992,70 years 08 months,690000.0,2021,4,70,29,4600.0
pasir ris,executive,782,pasir ris st 71,13 to 15,143.0,apartment,1996,74 years 05 months,690000.0,2021,4,74,25,4825.174825174825
pasir ris,executive,583,pasir ris st 53,01 to 03,148.0,apartment,1995,73 years 07 months,700000.0,2021,4,73,26,4729.72972972973
pasir ris,executive,101,pasir ris st 12,04 to 06,149.0,maisonette,1988,66 years 07 months,708000.0,2021,4,66,33,4751.677852348993
pasir ris,executive,500,pasir ris st 52,13 to 15,145.0,apartment,1993,71 years 09 months,726000.0,2021,4,71,28,5006.896551724138
pasir ris,executive,447,pasir ris dr 6,01 to 03,155.0,maisonette,1989,67 years 07 months,729000.0,2021,4,67,32,4703.225806451613
pasir ris,executive,448,pasir ris dr 6,01 to 03,146.0,maisonette,1989,67 years 08 months,735000.0,2021,4,67,32,5034.246575342466
pasir ris,executive,603,elias rd,07 to 09,149.0,maisonette,1995,73 years,770000.0,2021,4,73,26,5167.785234899329
pasir ris,executive,422,pasir ris dr 6,07 to 09,151.0,maisonette,1989,67 years 06 months,795000.0,2021,4,67,32,5264.900662251655
pasir ris,executive,581,pasir ris st 53,07 to 09,146.0,apartment,1995,73 years 07 months,803000.0,2021,4,73,26,5500.0
pasir ris,executive,581,pasir ris st 53,13 to 15,148.0,apartment,1995,73 years 06 months,805000.0,2021,4,73,26,5439.189189189189
pasir ris,executive,206,pasir ris st 21,10 to 12,146.0,apartment,1993,71 years 04 months,623888.0,2021,5,71,28,4273.2054794520545
pasir ris,executive,208,pasir ris st 21,10 to 12,147.0,apartment,1993,71 years 04 months,635000.0,2021,5,71,28,4319.727891156463
pasir ris,executive,218,pasir ris st 21,07 to 09,148.0,apartment,1993,71 years 02 months,651000.0,2021,5,71,28,4398.648648648648
pasir ris,executive,505,pasir ris st 52,01 to 03,145.0,apartment,1993,71 years 05 months,660000.0,2021,5,71,28,4551.724137931034
pasir ris,executive,502,pasir ris st 52,07 to 09,146.0,apartment,1993,71 years 08 months,675000.0,2021,5,71,28,4623.287671232877
pasir ris,executive,448,pasir ris dr 6,07 to 09,146.0,maisonette,1989,67 years 07 months,688000.0,2021,5,67,32,4712.328767123287
pasir ris,executive,120,pasir ris st 11,01 to 03,145.0,maisonette,1988,66 years 03 months,688898.0,2021,5,66,33,4751.020689655173
pasir ris,executive,604,elias rd,04 to 06,149.0,apartment,1995,72 years 11 months,700000.0,2021,5,72,26,4697.986577181208
pasir ris,executive,540,pasir ris st 51,01 to 03,144.0,apartment,1992,70 years 07 months,700000.0,2021,5,70,29,4861.111111111111
pasir ris,executive,546,pasir ris st 51,04 to 06,143.0,apartment,1992,70 years 07 months,700000.0,2021,5,70,29,4895.104895104895
pasir ris,executive,547,pasir ris st 51,04 to 06,148.0,maisonette,1992,70 years 08 months,710000.0,2021,5,70,29,4797.2972972972975
pasir ris,executive,579,pasir ris st 53,01 to 03,146.0,apartment,1995,73 years 06 months,720000.0,2021,5,73,26,4931.506849315068
pasir ris,executive,209,pasir ris st 21,01 to 03,148.0,apartment,1993,71 years 04 months,600000.0,2021,6,71,28,4054.054054054054
pasir ris,executive,207,pasir ris st 21,10 to 12,147.0,apartment,1993,71 years 04 months,608888.0,2021,6,71,28,4142.0952380952385
pasir ris,executive,209,pasir ris st 21,07 to 09,148.0,apartment,1993,71 years 04 months,618000.0,2021,6,71,28,4175.675675675676
pasir ris,executive,154,pasir ris st 13,01 to 03,144.0,apartment,1995,72 years 09 months,630000.0,2021,6,72,26,4375.0
pasir ris,executive,715,pasir ris st 72,01 to 03,143.0,apartment,1996,74 years 01 month,638000.0,2021,6,74,25,4461.538461538462
pasir ris,executive,647,pasir ris dr 10,01 to 03,150.0,apartment,1995,73 years 03 months,650000.0,2021,6,73,26,4333.333333333333
pasir ris,executive,460,pasir ris dr 4,07 to 09,142.0,apartment,1992,70 years 07 months,663000.0,2021,6,70,29,4669.014084507042
pasir ris,executive,710,pasir ris st 72,01 to 03,153.0,apartment,1996,74 years 01 month,663000.0,2021,6,74,25,4333.333333333333
pasir ris,executive,780,pasir ris st 71,01 to 03,143.0,apartment,1996,74 years 03 months,680000.0,2021,6,74,25,4755.244755244756
pasir ris,executive,542,pasir ris st 51,01 to 03,148.0,maisonette,1992,70 years 07 months,685000.0,2021,6,70,29,4628.378378378378
pasir ris,executive,713,pasir ris st 72,07 to 09,146.0,apartment,1996,74 years 01 month,690000.0,2021,6,74,25,4726.027397260274
pasir ris,executive,712,pasir ris st 72,07 to 09,148.0,apartment,1996,74 years 01 month,695000.0,2021,6,74,25,4695.945945945946
pasir ris,executive,645,pasir ris dr 10,04 to 06,150.0,apartment,1995,73 years 04 months,700000.0,2021,6,73,26,4666.666666666667
pasir ris,executive,408,pasir ris dr 6,04 to 06,147.0,maisonette,1990,67 years 11 months,715000.0,2021,6,67,31,4863.9455782312925
pasir ris,executive,607,elias rd,16 to 18,149.0,apartment,1995,73 years 03 months,730000.0,2021,6,73,26,4899.3288590604025
pasir ris,executive,418,pasir ris dr 6,10 to 12,146.0,maisonette,1989,66 years 10 months,750000.0,2021,6,66,32,5136.986301369863
pasir ris,executive,108,pasir ris st 12,10 to 12,146.0,maisonette,1988,66 years 04 months,752000.0,2021,6,66,33,5150.684931506849
pasir ris,executive,422,pasir ris dr 6,10 to 12,151.0,maisonette,1989,67 years 05 months,780000.0,2021,6,67,32,5165.562913907284
pasir ris,executive,538,pasir ris st 51,13 to 15,144.0,apartment,1992,70 years 07 months,800000.0,2021,6,70,29,5555.555555555556
pasir ris,executive,250,pasir ris st 21,01 to 03,149.0,apartment,1993,71 years 01 month,580000.0,2021,7,71,28,3892.6174496644294
pasir ris,executive,460,pasir ris dr 4,01 to 03,144.0,apartment,1992,70 years 06 months,610000.0,2021,7,70,29,4236.111111111111
pasir ris,executive,711,pasir ris st 72,01 to 03,147.0,apartment,1996,74 years,618000.0,2021,7,74,25,4204.081632653061
pasir ris,executive,650,pasir ris dr 10,01 to 03,149.0,apartment,1995,73 years 03 months,620000.0,2021,7,73,26,4161.073825503356
pasir ris,executive,241,pasir ris st 21,04 to 06,147.0,apartment,1993,71 years,620000.0,2021,7,71,28,4217.687074829932
pasir ris,executive,457,pasir ris dr 4,04 to 06,143.0,apartment,1992,70 years 06 months,630000.0,2021,7,70,29,4405.5944055944055
pasir ris,executive,134,pasir ris st 11,01 to 03,145.0,apartment,1994,71 years 09 months,630000.0,2021,7,71,27,4344.827586206897
pasir ris,executive,266,pasir ris st 21,01 to 03,146.0,apartment,1994,72 years 04 months,630000.0,2021,7,72,27,4315.068493150685
pasir ris,executive,247,pasir ris st 21,04 to 06,150.0,apartment,1993,71 years 01 month,635000.0,2021,7,71,28,4233.333333333333
pasir ris,executive,607,elias rd,04 to 06,155.0,apartment,1995,73 years 02 months,708000.0,2021,7,73,26,4567.741935483871
pasir ris,executive,101,pasir ris st 12,10 to 12,146.0,maisonette,1988,66 years 05 months,710000.0,2021,7,66,33,4863.013698630137
pasir ris,executive,644,pasir ris dr 10,07 to 09,147.0,apartment,1995,73 years 03 months,716888.0,2021,7,73,26,4876.789115646258
pasir ris,executive,579,pasir ris st 53,04 to 06,147.0,apartment,1995,73 years 04 months,735000.0,2021,7,73,26,5000.0
pasir ris,executive,779,pasir ris st 71,10 to 12,143.0,apartment,1996,74 years 02 months,745888.0,2021,7,74,25,5216.0
pasir ris,executive,531,pasir ris dr 1,04 to 06,148.0,maisonette,1992,70 years 06 months,770000.0,2021,7,70,29,5202.7027027027025
pasir ris,executive,157,pasir ris st 13,01 to 03,165.0,apartment,1995,72 years 07 months,790000.0,2021,7,72,26,4787.878787878788
pasir ris,executive,581,pasir ris st 53,01 to 03,149.0,apartment,1995,73 years 03 months,801000.0,2021,7,73,26,5375.838926174497
pasir ris,executive,535,pasir ris dr 1,07 to 09,150.0,apartment,1992,70 years 05 months,812000.0,2021,7,70,29,5413.333333333333
pasir ris,executive,585,pasir ris st 53,07 to 09,152.0,maisonette,1995,73 years 04 months,820000.0,2021,7,73,26,5394.736842105263
pasir ris,executive,547,pasir ris st 51,10 to 12,148.0,maisonette,1992,70 years 05 months,860800.0,2021,7,70,29,5816.216216216216
pasir ris,executive,271,pasir ris st 21,01 to 03,145.0,apartment,1994,72 years 03 months,608000.0,2021,8,72,27,4193.103448275862
pasir ris,executive,710,pasir ris st 72,01 to 03,148.0,apartment,1996,73 years 11 months,615000.0,2021,8,73,25,4155.405405405405
pasir ris,executive,218,pasir ris st 21,01 to 03,147.0,apartment,1993,71 years,618000.0,2021,8,71,28,4204.081632653061
pasir ris,executive,203,pasir ris st 21,04 to 06,145.0,apartment,1993,71 years 02 months,625000.0,2021,8,71,28,4310.3448275862065
pasir ris,executive,221,pasir ris st 21,07 to 09,146.0,apartment,1993,71 years,635000.0,2021,8,71,28,4349.315068493151
pasir ris,executive,711,pasir ris st 72,04 to 06,148.0,apartment,1996,73 years 11 months,640000.0,2021,8,73,25,4324.324324324324
pasir ris,executive,246,pasir ris st 21,04 to 06,147.0,apartment,1993,71 years,640000.0,2021,8,71,28,4353.741496598639
pasir ris,executive,157,pasir ris st 13,01 to 03,149.0,apartment,1995,72 years 07 months,648000.0,2021,8,72,26,4348.993288590604
pasir ris,executive,648,pasir ris dr 10,10 to 12,149.0,apartment,1995,73 years 01 month,665000.0,2021,8,73,26,4463.087248322147
pasir ris,executive,237,pasir ris st 21,07 to 09,146.0,apartment,1993,71 years,665000.0,2021,8,71,28,4554.7945205479455
pasir ris,executive,158,pasir ris st 13,04 to 06,149.0,apartment,1995,72 years 06 months,670000.0,2021,8,72,26,4496.644295302013
pasir ris,executive,506,pasir ris st 52,04 to 06,145.0,apartment,1993,71 years 02 months,688800.0,2021,8,71,28,4750.3448275862065
pasir ris,executive,209,pasir ris st 21,07 to 09,147.0,apartment,1993,71 years 01 month,690000.0,2021,8,71,28,4693.877551020408
pasir ris,executive,548,pasir ris st 51,04 to 06,144.0,apartment,1992,70 years 04 months,712000.0,2021,8,70,29,4944.444444444444
pasir ris,executive,413,pasir ris dr 6,01 to 03,145.0,maisonette,1989,67 years 03 months,715000.0,2021,8,67,32,4931.0344827586205
pasir ris,executive,221,pasir ris st 21,10 to 12,152.0,apartment,1993,71 years,715000.0,2021,8,71,28,4703.9473684210525
pasir ris,executive,466,pasir ris st 41,01 to 03,147.0,maisonette,1992,70 years 05 months,720000.0,2021,8,70,29,4897.959183673469
pasir ris,executive,710,pasir ris st 72,10 to 12,146.0,apartment,1996,73 years 10 months,725500.0,2021,8,73,25,4969.178082191781
pasir ris,executive,101,pasir ris st 12,04 to 06,149.0,maisonette,1988,66 years 04 months,730000.0,2021,8,66,33,4899.3288590604025
pasir ris,executive,449,pasir ris dr 6,01 to 03,146.0,maisonette,1989,67 years 03 months,740000.0,2021,8,67,32,5068.493150684932
pasir ris,executive,543,pasir ris st 51,04 to 06,144.0,apartment,1992,70 years 04 months,755000.0,2021,8,70,29,5243.055555555556
pasir ris,executive,422,pasir ris dr 6,07 to 09,151.0,maisonette,1989,67 years 03 months,760000.0,2021,8,67,32,5033.112582781457
pasir ris,executive,534,pasir ris dr 1,10 to 12,147.0,apartment,1992,70 years 05 months,762000.0,2021,8,70,29,5183.673469387755
pasir ris,executive,550,pasir ris st 51,10 to 12,144.0,apartment,1992,70 years 05 months,768000.0,2021,8,70,29,5333.333333333333
pasir ris,executive,583,pasir ris st 53,07 to 09,148.0,apartment,1995,73 years 03 months,800000.0,2021,8,73,26,5405.405405405405
pasir ris,executive,534,pasir ris dr 1,10 to 12,148.0,maisonette,1992,70 years 04 months,808000.0,2021,8,70,29,5459.459459459459
pasir ris,executive,418,pasir ris dr 6,10 to 12,153.0,maisonette,1989,66 years 09 months,870000.0,2021,8,66,32,5686.274509803921
pasir ris,executive,269,pasir ris st 21,07 to 09,145.0,apartment,1994,72 years 02 months,550000.0,2021,9,72,27,3793.103448275862
pasir ris,executive,217,pasir ris st 21,04 to 06,147.0,apartment,1993,70 years 11 months,600000.0,2021,9,70,28,4081.6326530612246
pasir ris,executive,251,pasir ris st 21,10 to 12,150.0,apartment,1993,70 years 11 months,608000.0,2021,9,70,28,4053.3333333333335
pasir ris,executive,219,pasir ris st 21,01 to 03,148.0,apartment,1993,71 years,610888.0,2021,9,71,28,4127.621621621622
pasir ris,executive,152,pasir ris st 13,04 to 06,152.0,apartment,1995,72 years 06 months,620000.0,2021,9,72,26,4078.9473684210525
pasir ris,executive,160,pasir ris st 13,04 to 06,148.0,apartment,1995,72 years 06 months,630000.0,2021,9,72,26,4256.756756756757
pasir ris,executive,500,pasir ris st 52,01 to 03,144.0,apartment,1993,71 years 04 months,680000.0,2021,9,71,28,4722.222222222223
pasir ris,executive,710,pasir ris st 72,07 to 09,146.0,apartment,1996,73 years 10 months,690000.0,2021,9,73,25,4726.027397260274
pasir ris,executive,650,pasir ris dr 10,13 to 15,146.0,apartment,1995,73 years 01 month,715000.0,2021,9,73,26,4897.260273972603
pasir ris,executive,645,pasir ris dr 10,07 to 09,148.0,apartment,1995,73 years,720000.0,2021,9,73,26,4864.864864864865
pasir ris,executive,545,pasir ris st 51,01 to 03,148.0,maisonette,1992,70 years 04 months,730000.0,2021,9,70,29,4932.4324324324325
pasir ris,executive,603,elias rd,01 to 03,150.0,maisonette,1995,72 years 07 months,735000.0,2021,9,72,26,4900.0
pasir ris,executive,602,elias rd,07 to 09,154.0,apartment,1995,72 years 07 months,765000.0,2021,9,72,26,4967.532467532467
pasir ris,executive,535,pasir ris dr 1,04 to 06,145.0,apartment,1992,70 years 04 months,805000.0,2021,9,70,29,5551.724137931034
pasir ris,executive,466,pasir ris st 41,07 to 09,156.0,maisonette,1992,70 years 03 months,830000.0,2021,9,70,29,5320.51282051282
pasir ris,executive,410,pasir ris dr 6,01 to 03,145.0,maisonette,1989,67 years 01 month,852000.0,2021,9,67,32,5875.862068965517
pasir ris,executive,224,pasir ris st 21,01 to 03,147.0,apartment,1993,70 years 09 months,545000.0,2021,10,70,28,3707.482993197279
pasir ris,executive,203,pasir ris st 21,01 to 03,147.0,apartment,1993,71 years,630000.0,2021,10,71,28,4285.714285714285
pasir ris,executive,247,pasir ris st 21,07 to 09,147.0,apartment,1993,70 years 10 months,645000.0,2021,10,70,28,4387.755102040816
pasir ris,executive,129,pasir ris st 11,01 to 03,142.0,apartment,1988,66 years 01 month,655000.0,2021,10,66,33,4612.6760563380285
pasir ris,executive,464,pasir ris st 41,04 to 06,144.0,apartment,1992,70 years 02 months,660000.0,2021,10,70,29,4583.333333333333
pasir ris,executive,548,pasir ris st 51,01 to 03,144.0,apartment,1992,70 years 03 months,665000.0,2021,10,70,29,4618.055555555556
pasir ris,executive,208,pasir ris st 21,07 to 09,147.0,apartment,1993,70 years 11 months,670000.0,2021,10,70,28,4557.8231292517
pasir ris,executive,220,pasir ris st 21,07 to 09,148.0,apartment,1993,70 years 10 months,680000.0,2021,10,70,28,4594.594594594595
pasir ris,executive,456,pasir ris dr 4,04 to 06,149.0,apartment,1992,70 years 02 months,700000.0,2021,10,70,29,4697.986577181208
pasir ris,executive,539,pasir ris st 51,01 to 03,147.0,maisonette,1992,70 years 02 months,720000.0,2021,10,70,29,4897.959183673469
pasir ris,executive,457,pasir ris dr 4,07 to 09,143.0,apartment,1992,70 years 02 months,720000.0,2021,10,70,29,5034.965034965035
pasir ris,executive,457,pasir ris dr 4,10 to 12,143.0,apartment,1992,70 years 03 months,730000.0,2021,10,70,29,5104.895104895105
pasir ris,executive,550,pasir ris st 51,04 to 06,144.0,apartment,1992,70 years 03 months,745000.0,2021,10,70,29,5173.611111111111
pasir ris,executive,537,pasir ris st 51,04 to 06,144.0,apartment,1992,70 years 03 months,750000.0,2021,10,70,29,5208.333333333333
pasir ris,executive,603,elias rd,04 to 06,149.0,maisonette,1995,72 years 06 months,750000.0,2021,10,72,26,5033.557046979866
pasir ris,executive,219,pasir ris st 21,07 to 09,149.0,apartment,1993,70 years 10 months,751000.0,2021,10,70,28,5040.268456375839
pasir ris,executive,582,pasir ris st 53,01 to 03,147.0,apartment,1995,73 years,785000.0,2021,10,73,26,5340.136054421769
pasir ris,executive,531,pasir ris dr 1,04 to 06,148.0,maisonette,1992,70 years 03 months,785000.0,2021,10,70,29,5304.054054054054
pasir ris,executive,582,pasir ris st 53,01 to 03,146.0,apartment,1995,73 years,800000.0,2021,10,73,26,5479.45205479452
pasir ris,executive,537,pasir ris st 51,10 to 12,141.0,apartment,1992,70 years 03 months,810000.0,2021,10,70,29,5744.68085106383
pasir ris,executive,546,pasir ris st 51,10 to 12,143.0,apartment,1992,70 years 02 months,828000.0,2021,10,70,29,5790.20979020979
pasir ris,executive,579,pasir ris st 53,07 to 09,147.0,apartment,1995,73 years,860000.0,2021,10,73,26,5850.340136054422
pasir ris,executive,266,pasir ris st 21,01 to 03,144.0,apartment,1994,72 years,590000.0,2021,11,72,27,4097.222222222223
pasir ris,executive,208,pasir ris st 21,01 to 03,147.0,apartment,1993,70 years 11 months,620000.0,2021,11,70,28,4217.687074829932
pasir ris,executive,153,pasir ris st 13,04 to 06,146.0,apartment,1995,72 years 04 months,628000.0,2021,11,72,26,4301.369863013699
pasir ris,executive,133,pasir ris st 11,04 to 06,146.0,apartment,1994,72 years,640000.0,2021,11,72,27,4383.561643835616
pasir ris,executive,128,pasir ris st 11,01 to 03,151.0,maisonette,1988,66 years 01 month,650000.0,2021,11,66,33,4304.635761589404
pasir ris,executive,210,pasir ris st 21,04 to 06,147.0,apartment,1993,70 years 10 months,650000.0,2021,11,70,28,4421.768707482993
pasir ris,executive,244,pasir ris st 21,07 to 09,149.0,apartment,1993,70 years 09 months,652000.0,2021,11,70,28,4375.838926174497
pasir ris,executive,134,pasir ris st 11,01 to 03,149.0,apartment,1994,71 years 05 months,668000.0,2021,11,71,27,4483.221476510067
pasir ris,executive,238,pasir ris st 21,04 to 06,152.0,apartment,1993,70 years 10 months,673000.0,2021,11,70,28,4427.631578947368
pasir ris,executive,247,pasir ris st 21,04 to 06,149.0,apartment,1993,70 years 08 months,673000.0,2021,11,70,28,4516.778523489933
pasir ris,executive,269,pasir ris st 21,01 to 03,145.0,apartment,1994,72 years,688000.0,2021,11,72,27,4744.827586206897
pasir ris,executive,220,pasir ris st 21,10 to 12,152.0,apartment,1993,70 years 09 months,698000.0,2021,11,70,28,4592.105263157895
pasir ris,executive,251,pasir ris st 21,01 to 03,145.0,apartment,1993,70 years 09 months,700000.0,2021,11,70,28,4827.586206896552
pasir ris,executive,507,pasir ris st 52,10 to 12,146.0,apartment,1993,70 years 11 months,710000.0,2021,11,70,28,4863.013698630137
pasir ris,executive,548,pasir ris st 51,07 to 09,144.0,apartment,1992,69 years 11 months,725000.0,2021,11,69,29,5034.722222222223
pasir ris,executive,781,pasir ris st 71,07 to 09,143.0,apartment,1996,73 years 10 months,725000.0,2021,11,73,25,5069.93006993007
pasir ris,executive,134,pasir ris st 11,07 to 09,151.0,apartment,1994,71 years 06 months,738000.0,2021,11,71,27,4887.417218543046
pasir ris,executive,606,elias rd,04 to 06,149.0,apartment,1995,72 years 05 months,740000.0,2021,11,72,26,4966.442953020134
pasir ris,executive,715,pasir ris st 72,07 to 09,148.0,apartment,1996,73 years 08 months,750000.0,2021,11,73,25,5067.5675675675675
pasir ris,executive,711,pasir ris st 72,10 to 12,145.0,maisonette,1996,73 years 07 months,755000.0,2021,11,73,25,5206.896551724138
pasir ris,executive,101,pasir ris st 12,10 to 12,146.0,maisonette,1988,66 years 01 month,757000.0,2021,11,66,33,5184.931506849315
pasir ris,executive,466,pasir ris st 41,04 to 06,146.0,apartment,1992,70 years 02 months,760000.0,2021,11,70,29,5205.479452054795
pasir ris,executive,547,pasir ris st 51,07 to 09,145.0,apartment,1992,70 years 02 months,770000.0,2021,11,70,29,5310.3448275862065
pasir ris,executive,410,pasir ris dr 6,01 to 03,145.0,maisonette,1989,66 years 10 months,795000.0,2021,11,66,32,5482.758620689655
pasir ris,executive,503,pasir ris st 52,07 to 09,145.0,apartment,1993,71 years 02 months,800000.0,2021,11,71,28,5517.241379310345
pasir ris,executive,454,pasir ris dr 6,07 to 09,146.0,maisonette,1989,67 years 01 month,800000.0,2021,11,67,32,5479.45205479452
pasir ris,executive,108,pasir ris st 12,10 to 12,154.0,maisonette,1988,65 years 11 months,820000.0,2021,11,65,33,5324.675324675325
pasir ris,executive,238,pasir ris st 21,13 to 15,159.0,apartment,1993,70 years 09 months,830000.0,2021,11,70,28,5220.125786163522
pasir ris,executive,544,pasir ris st 51,04 to 06,144.0,apartment,1992,70 years 02 months,845000.0,2021,11,70,29,5868.055555555556
pasir ris,executive,585,pasir ris st 53,04 to 06,151.0,maisonette,1995,73 years,868000.0,2021,11,73,26,5748.3443708609275
pasir ris,executive,206,pasir ris st 21,01 to 03,147.0,apartment,1993,70 years 10 months,630000.0,2021,12,70,28,4285.714285714285
pasir ris,executive,780,pasir ris st 71,01 to 03,143.0,apartment,1996,73 years 09 months,630000.0,2021,12,73,25,4405.5944055944055
pasir ris,executive,220,pasir ris st 21,01 to 03,148.0,apartment,1993,70 years 08 months,650000.0,2021,12,70,28,4391.891891891892
pasir ris,executive,271,pasir ris st 21,04 to 06,144.0,apartment,1994,71 years 11 months,650000.0,2021,12,71,27,4513.888888888889
pasir ris,executive,129,pasir ris st 11,01 to 03,146.0,maisonette,1988,66 years,685000.0,2021,12,66,33,4691.780821917808
pasir ris,executive,205,pasir ris st 21,10 to 12,147.0,apartment,1993,70 years 10 months,685000.0,2021,12,70,28,4659.863945578231
pasir ris,executive,509,pasir ris st 52,04 to 06,146.0,apartment,1993,70 years 10 months,690000.0,2021,12,70,28,4726.027397260274
pasir ris,executive,128,pasir ris st 11,04 to 06,146.0,maisonette,1988,66 years,708888.0,2021,12,66,33,4855.397260273972
pasir ris,executive,781,pasir ris st 71,04 to 06,143.0,apartment,1996,73 years 08 months,710000.0,2021,12,73,25,4965.034965034965
pasir ris,executive,108,pasir ris st 12,04 to 06,149.0,maisonette,1988,65 years 10 months,710000.0,2021,12,65,33,4765.10067114094
pasir ris,executive,710,pasir ris st 72,10 to 12,146.0,apartment,1996,73 years 07 months,730000.0,2021,12,73,25,5000.0
pasir ris,executive,780,pasir ris st 71,07 to 09,144.0,apartment,1996,73 years 09 months,745000.0,2021,12,73,25,5173.611111111111
pasir ris,executive,159,pasir ris st 13,07 to 09,152.0,apartment,1995,72 years 02 months,750000.0,2021,12,72,26,4934.210526315789
pasir ris,executive,454,pasir ris dr 6,01 to 03,146.0,maisonette,1989,66 years 11 months,760000.0,2021,12,66,32,5205.479452054795
pasir ris,executive,546,pasir ris st 51,07 to 09,143.0,apartment,1992,70 years,770000.0,2021,12,70,29,5384.615384615385
pasir ris,executive,504,pasir ris st 52,10 to 12,145.0,apartment,1993,70 years 09 months,780000.0,2021,12,70,28,5379.310344827586
pasir ris,executive,422,pasir ris dr 6,01 to 03,151.0,maisonette,1989,66 years 11 months,790000.0,2021,12,66,32,5231.788079470199
pasir ris,executive,128,pasir ris st 11,01 to 03,146.0,maisonette,1988,65 years 11 months,680000.0,2022,1,65,34,4657.534246575343
pasir ris,executive,270,pasir ris st 21,04 to 06,144.0,apartment,1994,71 years 10 months,680000.0,2022,1,71,28,4722.222222222223
pasir ris,executive,648,pasir ris dr 10,01 to 03,150.0,apartment,1995,72 years 07 months,700000.0,2022,1,72,27,4666.666666666667
pasir ris,executive,246,pasir ris st 21,04 to 06,149.0,apartment,1993,70 years 07 months,700000.0,2022,1,70,29,4697.986577181208
pasir ris,executive,645,pasir ris dr 10,04 to 06,146.0,apartment,1995,72 years 09 months,710000.0,2022,1,72,27,4863.013698630137
pasir ris,executive,465,pasir ris st 41,04 to 06,150.0,apartment,1992,69 years 11 months,715000.0,2022,1,69,30,4766.666666666667
pasir ris,executive,160,pasir ris st 13,04 to 06,149.0,apartment,1995,72 years 02 months,715000.0,2022,1,72,27,4798.657718120805
pasir ris,executive,650,pasir ris dr 10,10 to 12,146.0,apartment,1995,72 years 09 months,730000.0,2022,1,72,27,5000.0
pasir ris,executive,779,pasir ris st 71,10 to 12,143.0,apartment,1996,73 years 07 months,750000.0,2022,1,73,26,5244.755244755244
pasir ris,executive,602,elias rd,07 to 09,150.0,apartment,1995,72 years 03 months,760000.0,2022,1,72,27,5066.666666666667
pasir ris,executive,101,pasir ris st 12,10 to 12,149.0,maisonette,1988,65 years 11 months,768000.0,2022,1,65,34,5154.362416107382
pasir ris,executive,158,pasir ris st 13,04 to 06,152.0,apartment,1995,72 years 02 months,778000.0,2022,1,72,27,5118.421052631579
pasir ris,executive,715,pasir ris st 72,13 to 15,143.0,apartment,1996,73 years 06 months,795000.0,2022,1,73,26,5559.44055944056
pasir ris,executive,408,pasir ris dr 6,04 to 06,145.0,maisonette,1990,67 years 04 months,828000.0,2022,1,67,32,5710.3448275862065
pasir ris,executive,418,pasir ris dr 6,04 to 06,146.0,maisonette,1989,66 years 03 months,830000.0,2022,1,66,33,5684.931506849315
pasir ris,executive,243,pasir ris st 21,13 to 15,145.0,apartment,1993,70 years 06 months,838000.0,2022,1,70,29,5779.310344827586
pasir ris,executive,108,pasir ris st 12,10 to 12,146.0,maisonette,1988,65 years 09 months,868000.0,2022,1,65,34,5945.2054794520545
pasir ris,executive,108,pasir ris st 12,10 to 12,149.0,maisonette,1988,65 years 08 months,898888.0,2022,1,65,34,6032.805369127517
pasir ris,executive,601,elias rd,16 to 18,154.0,apartment,1995,72 years 03 months,928000.0,2022,1,72,27,6025.974025974026
pasir ris,executive,236,pasir ris st 21,01 to 03,146.0,apartment,1993,70 years 05 months,635000.0,2022,2,70,29,4349.315068493151
pasir ris,executive,137,pasir ris st 11,01 to 03,149.0,apartment,1994,71 years 03 months,668000.0,2022,2,71,28,4483.221476510067
pasir ris,executive,209,pasir ris st 21,04 to 06,147.0,apartment,1993,70 years 08 months,670000.0,2022,2,70,29,4557.8231292517
pasir ris,executive,135,pasir ris st 11,01 to 03,145.0,apartment,1994,71 years 08 months,680000.0,2022,2,71,28,4689.6551724137935
pasir ris,executive,237,pasir ris st 21,01 to 03,159.0,apartment,1993,70 years 06 months,685000.0,2022,2,70,29,4308.176100628931
pasir ris,executive,241,pasir ris st 21,13 to 15,146.0,apartment,1993,70 years 06 months,695000.0,2022,2,70,29,4760.273972602739
pasir ris,executive,250,pasir ris st 21,07 to 09,148.0,apartment,1993,70 years 05 months,695000.0,2022,2,70,29,4695.945945945946
pasir ris,executive,782,pasir ris st 71,01 to 03,143.0,apartment,1996,73 years 07 months,703000.0,2022,2,73,26,4916.083916083916
pasir ris,executive,235,pasir ris st 21,07 to 09,147.0,apartment,1993,70 years 05 months,740000.0,2022,2,70,29,5034.013605442177
pasir ris,executive,108,pasir ris st 12,10 to 12,146.0,maisonette,1988,65 years 08 months,748000.0,2022,2,65,34,5123.287671232877
pasir ris,executive,608,elias rd,10 to 12,149.0,apartment,1995,72 years 06 months,750000.0,2022,2,72,27,5033.557046979866
pasir ris,executive,237,pasir ris st 21,10 to 12,161.0,apartment,1993,70 years 05 months,780000.0,2022,2,70,29,4844.72049689441
pasir ris,executive,418,pasir ris dr 6,10 to 12,149.0,maisonette,1989,66 years 03 months,850000.0,2022,2,66,33,5704.697986577181
pasir ris,executive,544,pasir ris st 51,04 to 06,144.0,apartment,1992,69 years 11 months,868000.0,2022,2,69,30,6027.777777777777
pasir ris,executive,585,pasir ris st 53,01 to 03,152.0,maisonette,1995,72 years 08 months,940000.0,2022,2,72,27,6184.210526315789
pasir ris,executive,236,pasir ris st 21,01 to 03,146.0,apartment,1993,70 years 04 months,639999.0,2022,3,70,29,4383.554794520548
pasir ris,executive,237,pasir ris st 21,04 to 06,149.0,apartment,1993,70 years 04 months,670000.0,2022,3,70,29,4496.644295302013
pasir ris,executive,713,pasir ris st 72,01 to 03,148.0,apartment,1996,73 years 04 months,675000.0,2022,3,73,26,4560.810810810811
pasir ris,executive,242,pasir ris st 21,07 to 09,149.0,apartment,1993,70 years 05 months,679000.0,2022,3,70,29,4557.046979865771
pasir ris,executive,207,pasir ris st 21,10 to 12,148.0,apartment,1993,70 years 06 months,690000.0,2022,3,70,29,4662.1621621621625
pasir ris,executive,271,pasir ris st 21,01 to 03,144.0,apartment,1994,71 years 08 months,698000.0,2022,3,71,28,4847.222222222223
pasir ris,executive,268,pasir ris st 21,04 to 06,146.0,apartment,1994,71 years 07 months,700000.0,2022,3,71,28,4794.520547945205
pasir ris,executive,270,pasir ris st 21,07 to 09,144.0,apartment,1994,71 years 07 months,718000.0,2022,3,71,28,4986.111111111111
pasir ris,executive,501,pasir ris st 52,01 to 03,145.0,apartment,1993,70 years 10 months,740000.0,2022,3,70,29,5103.448275862069
pasir ris,executive,240,pasir ris st 21,10 to 12,146.0,apartment,1993,70 years 05 months,748000.0,2022,3,70,29,5123.287671232877
pasir ris,executive,500,pasir ris st 52,07 to 09,146.0,apartment,1993,70 years 09 months,780000.0,2022,3,70,29,5342.465753424657
pasir ris,executive,714,pasir ris st 72,10 to 12,143.0,apartment,1996,73 years 03 months,820000.0,2022,3,73,26,5734.265734265734
pasir ris,executive,710,pasir ris st 72,13 to 15,143.0,apartment,1996,73 years 03 months,822000.0,2022,3,73,26,5748.251748251748
pasir ris,executive,579,pasir ris st 53,10 to 12,145.0,apartment,1995,72 years 08 months,848888.0,2022,3,72,27,5854.4
pasir ris,executive,609,elias rd,10 to 12,148.0,apartment,1995,72 years 04 months,850000.0,2022,3,72,27,5743.243243243243
pasir ris,executive,531,pasir ris dr 1,04 to 06,148.0,maisonette,1992,69 years 09 months,888000.0,2022,3,69,30,6000.0
pasir ris,executive,269,pasir ris st 21,01 to 03,144.0,apartment,1994,71 years 07 months,645000.0,2022,4,71,28,4479.166666666667
pasir ris,executive,238,pasir ris st 21,01 to 03,147.0,apartment,1993,70 years 04 months,650000.0,2022,4,70,29,4421.768707482993
pasir ris,executive,220,pasir ris st 21,04 to 06,146.0,apartment,1993,70 years 04 months,685000.0,2022,4,70,29,4691.780821917808
pasir ris,executive,219,pasir ris st 21,04 to 06,149.0,apartment,1993,70 years 03 months,700000.0,2022,4,70,29,4697.986577181208
pasir ris,executive,241,pasir ris st 21,10 to 12,147.0,apartment,1993,70 years 03 months,708900.0,2022,4,70,29,4822.448979591837
pasir ris,executive,500,pasir ris st 52,07 to 09,145.0,apartment,1993,70 years 09 months,710000.0,2022,4,70,29,4896.551724137931
pasir ris,executive,501,pasir ris st 52,01 to 03,147.0,apartment,1993,70 years 09 months,720000.0,2022,4,70,29,4897.959183673469
pasir ris,executive,502,pasir ris st 52,04 to 06,145.0,apartment,1993,70 years 08 months,720000.0,2022,4,70,29,4965.517241379311
pasir ris,executive,207,pasir ris st 21,10 to 12,147.0,apartment,1993,70 years 05 months,728000.0,2022,4,70,29,4952.380952380952
pasir ris,executive,608,elias rd,01 to 03,154.0,apartment,1995,72 years 04 months,730000.0,2022,4,72,27,4740.25974025974
pasir ris,executive,550,pasir ris st 51,04 to 06,144.0,apartment,1992,69 years 09 months,745000.0,2022,4,69,30,5173.611111111111
pasir ris,executive,466,pasir ris st 41,07 to 09,146.0,apartment,1992,69 years 08 months,750000.0,2022,4,69,30,5136.986301369863
pasir ris,executive,607,elias rd,07 to 09,149.0,apartment,1995,72 years 04 months,768000.0,2022,4,72,27,5154.362416107382
pasir ris,executive,502,pasir ris st 52,04 to 06,145.0,apartment,1993,70 years 08 months,769000.0,2022,4,70,29,5303.448275862069
pasir ris,executive,781,pasir ris st 71,10 to 12,143.0,apartment,1996,73 years 05 months,775000.0,2022,4,73,26,5419.580419580419
pasir ris,executive,781,pasir ris st 71,13 to 15,143.0,apartment,1996,73 years 04 months,840000.0,2022,4,73,26,5874.125874125874
pasir ris,executive,582,pasir ris st 53,04 to 06,148.0,apartment,1995,72 years 07 months,843000.0,2022,4,72,27,5695.945945945946
pasir ris,executive,546,pasir ris st 51,10 to 12,144.0,apartment,1992,69 years 08 months,850000.0,2022,4,69,30,5902.777777777777
pasir ris,executive,410,pasir ris dr 6,01 to 03,155.0,maisonette,1989,66 years 05 months,900000.0,2022,4,66,33,5806.451612903225
pasir ris,executive,239,pasir ris st 21,01 to 03,147.0,apartment,1993,70 years 03 months,660000.0,2022,5,70,29,4489.7959183673465
pasir ris,executive,217,pasir ris st 21,07 to 09,149.0,apartment,1993,70 years 03 months,695000.0,2022,5,70,29,4664.4295302013425
pasir ris,executive,268,pasir ris st 21,07 to 09,147.0,apartment,1994,71 years 05 months,700000.0,2022,5,71,28,4761.9047619047615
pasir ris,executive,502,pasir ris st 52,01 to 03,147.0,apartment,1993,70 years 08 months,710000.0,2022,5,70,29,4829.931972789115
pasir ris,executive,131,pasir ris st 11,07 to 09,147.0,apartment,1994,71 years 05 months,730000.0,2022,5,71,28,4965.986394557823
pasir ris,executive,465,pasir ris st 41,01 to 03,144.0,apartment,1992,69 years 08 months,740000.0,2022,5,69,30,5138.888888888889
pasir ris,executive,710,pasir ris st 72,04 to 06,148.0,apartment,1996,73 years 01 month,760000.0,2022,5,73,26,5135.135135135135
pasir ris,executive,248,pasir ris st 21,10 to 12,146.0,apartment,1993,70 years 03 months,780000.0,2022,5,70,29,5342.465753424657
pasir ris,executive,509,pasir ris st 52,13 to 15,146.0,apartment,1993,70 years 05 months,790000.0,2022,5,70,29,5410.958904109589
pasir ris,executive,508,pasir ris st 52,10 to 12,146.0,apartment,1993,70 years 04 months,815000.0,2022,5,70,29,5582.191780821918
pasir ris,executive,454,pasir ris dr 6,10 to 12,150.0,maisonette,1989,66 years 07 months,832000.0,2022,5,66,33,5546.666666666667
pasir ris,executive,549,pasir ris st 51,01 to 03,147.0,maisonette,1992,69 years 08 months,835000.0,2022,5,69,30,5680.272108843537
pasir ris,executive,714,pasir ris st 72,04 to 06,153.0,maisonette,1996,73 years 01 month,910888.0,2022,5,73,26,5953.516339869281
pasir ris,executive,156,pasir ris st 13,07 to 09,189.0,maisonette,1995,71 years 09 months,1138888.0,2022,5,71,27,6025.862433862434
pasir ris,executive,208,pasir ris st 21,01 to 03,148.0,apartment,1993,70 years 04 months,642000.0,2022,6,70,29,4337.8378378378375
pasir ris,executive,132,pasir ris st 11,01 to 03,149.0,apartment,1994,71 years 06 months,680000.0,2022,6,71,28,4563.758389261745
pasir ris,executive,156,pasir ris st 13,04 to 06,147.0,apartment,1995,71 years 09 months,680000.0,2022,6,71,27,4625.850340136054
pasir ris,executive,208,pasir ris st 21,01 to 03,147.0,apartment,1993,70 years 04 months,680000.0,2022,6,70,29,4625.850340136054
pasir ris,executive,269,pasir ris st 21,07 to 09,145.0,apartment,1994,71 years 04 months,680000.0,2022,6,71,28,4689.6551724137935
pasir ris,executive,203,pasir ris st 21,04 to 06,147.0,apartment,1993,70 years 04 months,685000.0,2022,6,70,29,4659.863945578231
pasir ris,executive,152,pasir ris st 13,01 to 03,149.0,apartment,1995,71 years 09 months,690000.0,2022,6,71,27,4630.872483221477
pasir ris,executive,645,pasir ris dr 10,01 to 03,149.0,apartment,1995,72 years 04 months,700000.0,2022,6,72,27,4697.986577181208
pasir ris,executive,270,pasir ris st 21,04 to 06,144.0,apartment,1994,71 years 05 months,700888.0,2022,6,71,28,4867.277777777777
pasir ris,executive,237,pasir ris st 21,10 to 12,146.0,apartment,1993,70 years 02 months,710000.0,2022,6,70,29,4863.013698630137
pasir ris,executive,238,pasir ris st 21,01 to 03,146.0,apartment,1993,70 years 02 months,710000.0,2022,6,70,29,4863.013698630137
pasir ris,executive,248,pasir ris st 21,04 to 06,147.0,apartment,1993,70 years 02 months,720000.0,2022,6,70,29,4897.959183673469
pasir ris,executive,136,pasir ris st 11,04 to 06,145.0,apartment,1994,71 years 05 months,735000.0,2022,6,71,28,5068.9655172413795
pasir ris,executive,128,pasir ris st 11,04 to 06,146.0,maisonette,1988,65 years 05 months,750000.0,2022,6,65,34,5136.986301369863
pasir ris,executive,781,pasir ris st 71,07 to 09,144.0,apartment,1996,73 years 03 months,760000.0,2022,6,73,26,5277.777777777777
pasir ris,executive,220,pasir ris st 21,07 to 09,148.0,apartment,1993,70 years 02 months,785000.0,2022,6,70,29,5304.054054054054
pasir ris,executive,219,pasir ris st 21,10 to 12,148.0,apartment,1993,70 years 02 months,788000.0,2022,6,70,29,5324.324324324324
pasir ris,executive,502,pasir ris st 52,07 to 09,146.0,apartment,1993,70 years 07 months,788000.0,2022,6,70,29,5397.260273972603
pasir ris,executive,245,pasir ris st 21,07 to 09,150.0,apartment,1993,70 years 02 months,788000.0,2022,6,70,29,5253.333333333333
pasir ris,executive,609,elias rd,01 to 03,149.0,apartment,1995,72 years 02 months,790000.0,2022,6,72,27,5302.013422818792
pasir ris,executive,448,pasir ris dr 6,04 to 06,146.0,maisonette,1989,66 years 07 months,800000.0,2022,6,66,33,5479.45205479452
pasir ris,executive,609,elias rd,10 to 12,149.0,apartment,1995,72 years 02 months,810000.0,2022,6,72,27,5436.241610738255
pasir ris,executive,535,pasir ris dr 1,07 to 09,145.0,apartment,1992,69 years 06 months,818000.0,2022,6,69,30,5641.379310344828
pasir ris,executive,781,pasir ris st 71,13 to 15,143.0,apartment,1996,73 years 02 months,835000.0,2022,6,73,26,5839.160839160839
pasir ris,executive,584,pasir ris st 53,10 to 12,146.0,apartment,1995,72 years 05 months,858000.0,2022,6,72,27,5876.712328767123
pasir ris,executive,544,pasir ris st 51,10 to 12,144.0,apartment,1992,69 years 08 months,860000.0,2022,6,69,30,5972.222222222223
pasir ris,executive,713,pasir ris st 72,07 to 09,143.0,apartment,1996,73 years,860000.0,2022,6,73,26,6013.986013986014
pasir ris,executive,585,pasir ris st 53,10 to 12,145.0,maisonette,1995,72 years 05 months,872777.0,2022,6,72,27,6019.151724137931
pasir ris,executive,157,pasir ris st 13,01 to 03,147.0,apartment,1995,71 years 08 months,675000.0,2022,7,71,27,4591.836734693878
pasir ris,executive,247,pasir ris st 21,04 to 06,147.0,apartment,1993,70 years 01 month,700000.0,2022,7,70,29,4761.9047619047615
pasir ris,executive,158,pasir ris st 13,07 to 09,152.0,apartment,1995,71 years 07 months,710000.0,2022,7,71,27,4671.0526315789475
pasir ris,executive,235,pasir ris st 21,01 to 03,147.0,apartment,1993,70 years,720000.0,2022,7,70,29,4897.959183673469
pasir ris,executive,135,pasir ris st 11,04 to 06,149.0,apartment,1994,71 years 04 months,725000.0,2022,7,71,28,4865.771812080537
pasir ris,executive,219,pasir ris st 21,04 to 06,148.0,apartment,1993,70 years 01 month,728000.0,2022,7,70,29,4918.918918918919
pasir ris,executive,463,pasir ris st 41,04 to 06,146.0,apartment,1992,69 years 05 months,730000.0,2022,7,69,30,5000.0
pasir ris,executive,454,pasir ris dr 6,01 to 03,146.0,maisonette,1989,66 years 05 months,735000.0,2022,7,66,33,5034.246575342466
pasir ris,executive,128,pasir ris st 11,04 to 06,146.0,maisonette,1988,65 years 05 months,750000.0,2022,7,65,34,5136.986301369863
pasir ris,executive,203,pasir ris st 21,04 to 06,146.0,apartment,1993,70 years 02 months,750000.0,2022,7,70,29,5136.986301369863
pasir ris,executive,649,pasir ris dr 10,10 to 12,150.0,apartment,1995,72 years 02 months,752000.0,2022,7,72,27,5013.333333333333
pasir ris,executive,714,pasir ris st 72,04 to 06,146.0,apartment,1996,73 years,755000.0,2022,7,73,26,5171.232876712329
pasir ris,executive,606,elias rd,01 to 03,150.0,apartment,1995,71 years 08 months,780000.0,2022,7,71,27,5200.0
pasir ris,executive,460,pasir ris dr 4,07 to 09,144.0,apartment,1992,69 years 05 months,780000.0,2022,7,69,30,5416.666666666667
pasir ris,executive,459,pasir ris dr 4,07 to 09,144.0,apartment,1992,69 years 06 months,783000.0,2022,7,69,30,5437.5
pasir ris,executive,218,pasir ris st 21,07 to 09,149.0,apartment,1993,70 years 01 month,788888.0,2022,7,70,29,5294.5503355704695
pasir ris,executive,116,pasir ris st 11,01 to 03,145.0,maisonette,1989,65 years 07 months,800000.0,2022,7,65,33,5517.241379310345
pasir ris,executive,544,pasir ris st 51,01 to 03,144.0,apartment,1992,69 years 05 months,802000.0,2022,7,69,30,5569.444444444444
pasir ris,executive,502,pasir ris st 52,10 to 12,147.0,apartment,1993,70 years 06 months,820000.0,2022,7,70,29,5578.231292517007
pasir ris,executive,500,pasir ris st 52,07 to 09,146.0,apartment,1993,70 years 06 months,828000.0,2022,7,70,29,5671.232876712329
pasir ris,executive,547,pasir ris st 51,04 to 06,154.0,maisonette,1992,69 years 05 months,830000.0,2022,7,69,30,5389.61038961039
pasir ris,executive,606,elias rd,13 to 15,150.0,apartment,1995,71 years 09 months,838000.0,2022,7,71,27,5586.666666666667
pasir ris,executive,504,pasir ris st 52,16 to 18,145.0,apartment,1993,70 years 03 months,838000.0,2022,7,70,29,5779.310344827586
pasir ris,executive,647,pasir ris dr 10,10 to 12,149.0,apartment,1995,72 years 02 months,870000.0,2022,7,72,27,5838.926174496644
pasir ris,executive,531,pasir ris dr 1,01 to 03,147.0,maisonette,1992,69 years 05 months,888000.0,2022,7,69,30,6040.816326530612
pasir ris,executive,531,pasir ris dr 1,07 to 09,149.0,maisonette,1992,69 years 05 months,900000.0,2022,7,69,30,6040.268456375839
pasir ris,executive,135,pasir ris st 11,04 to 06,151.0,apartment,1994,71 years 03 months,688000.0,2022,8,71,28,4556.2913907284765
pasir ris,executive,157,pasir ris st 13,04 to 06,152.0,apartment,1995,71 years 07 months,720000.0,2022,8,71,27,4736.8421052631575
pasir ris,executive,271,pasir ris st 21,01 to 03,143.0,apartment,1994,71 years 02 months,720000.0,2022,8,71,28,5034.965034965035
pasir ris,executive,160,pasir ris st 13,01 to 03,148.0,apartment,1995,71 years 06 months,735000.0,2022,8,71,27,4966.216216216216
pasir ris,executive,129,pasir ris st 11,01 to 03,151.0,maisonette,1988,65 years 04 months,738000.0,2022,8,65,34,4887.417218543046
pasir ris,executive,464,pasir ris st 41,01 to 03,146.0,apartment,1992,69 years 05 months,740000.0,2022,8,69,30,5068.493150684932
pasir ris,executive,247,pasir ris st 21,04 to 06,147.0,apartment,1993,70 years,748000.0,2022,8,70,29,5088.43537414966
pasir ris,executive,459,pasir ris dr 4,07 to 09,147.0,apartment,1992,69 years 05 months,770000.0,2022,8,69,30,5238.0952380952385
pasir ris,executive,781,pasir ris st 71,07 to 09,143.0,apartment,1996,73 years,788888.0,2022,8,73,26,5516.699300699301
pasir ris,executive,465,pasir ris st 41,10 to 12,144.0,apartment,1992,69 years 05 months,790000.0,2022,8,69,30,5486.111111111111
pasir ris,executive,101,pasir ris st 12,04 to 06,146.0,maisonette,1988,65 years 04 months,825000.0,2022,8,65,34,5650.684931506849
pasir ris,executive,781,pasir ris st 71,13 to 15,143.0,apartment,1996,73 years,838000.0,2022,8,73,26,5860.1398601398605
pasir ris,executive,544,pasir ris st 51,01 to 03,144.0,apartment,1992,69 years 04 months,860000.0,2022,8,69,30,5972.222222222223
pasir ris,executive,137,pasir ris st 11,04 to 06,151.0,apartment,1994,70 years 08 months,700000.0,2022,9,70,28,4635.761589403974
pasir ris,executive,130,pasir ris st 11,04 to 06,151.0,apartment,1994,70 years 08 months,728000.0,2022,9,70,28,4821.192052980133
pasir ris,executive,235,pasir ris st 21,07 to 09,146.0,apartment,1993,69 years 11 months,730000.0,2022,9,69,29,5000.0
pasir ris,executive,136,pasir ris st 11,07 to 09,145.0,apartment,1994,71 years 02 months,735000.0,2022,9,71,28,5068.9655172413795
pasir ris,executive,643,pasir ris dr 10,01 to 03,148.0,apartment,1995,72 years,738000.0,2022,9,72,27,4986.486486486487
pasir ris,executive,223,pasir ris st 21,07 to 09,149.0,apartment,1993,69 years 11 months,740000.0,2022,9,69,29,4966.442953020134
pasir ris,executive,464,pasir ris st 41,04 to 06,144.0,apartment,1992,69 years 04 months,740000.0,2022,9,69,30,5138.888888888889
pasir ris,executive,220,pasir ris st 21,10 to 12,149.0,apartment,1993,69 years 11 months,795000.0,2022,9,69,29,5335.5704697986575
pasir ris,executive,506,pasir ris st 52,01 to 03,145.0,apartment,1993,70 years 01 month,825000.0,2022,9,70,29,5689.6551724137935
pasir ris,executive,413,pasir ris dr 6,01 to 03,145.0,maisonette,1989,66 years 03 months,830000.0,2022,9,66,33,5724.137931034483
pasir ris,executive,220,pasir ris st 21,10 to 12,149.0,apartment,1993,69 years 11 months,835000.0,2022,9,69,29,5604.026845637584
pasir ris,executive,509,pasir ris st 52,10 to 12,145.0,apartment,1993,70 years 01 month,847000.0,2022,9,70,29,5841.379310344828
pasir ris,executive,646,pasir ris dr 10,07 to 09,150.0,apartment,1995,72 years 01 month,850000.0,2022,9,72,27,5666.666666666667
pasir ris,executive,538,pasir ris st 51,10 to 12,143.0,apartment,1992,69 years 03 months,855000.0,2022,9,69,30,5979.020979020979
pasir ris,executive,547,pasir ris st 51,07 to 09,148.0,maisonette,1992,69 years 03 months,870000.0,2022,9,69,30,5878.378378378378
pasir ris,executive,585,pasir ris st 53,07 to 09,151.0,maisonette,1995,72 years 02 months,930000.0,2022,9,72,27,6158.940397350993
pasir ris,executive,448,pasir ris dr 6,07 to 09,154.0,maisonette,1989,66 years 05 months,950000.0,2022,9,66,33,6168.831168831169
pasir ris,executive,130,pasir ris st 11,07 to 09,188.0,maisonette,1994,70 years 08 months,1238000.0,2022,9,70,28,6585.106382978724
pasir ris,executive,134,pasir ris st 11,04 to 06,147.0,apartment,1994,70 years 07 months,680000.0,2022,10,70,28,4625.850340136054
pasir ris,executive,267,pasir ris st 21,04 to 06,146.0,apartment,1994,71 years 01 month,710008.0,2022,10,71,28,4863.068493150685
pasir ris,executive,130,pasir ris st 11,01 to 03,151.0,apartment,1994,70 years 07 months,748000.0,2022,10,70,28,4953.64238410596
pasir ris,executive,510,pasir ris st 52,01 to 03,143.0,apartment,1993,70 years,750000.0,2022,10,70,29,5244.755244755244
pasir ris,executive,246,pasir ris st 21,04 to 06,149.0,apartment,1993,69 years 10 months,758000.0,2022,10,69,29,5087.248322147651
pasir ris,executive,246,pasir ris st 21,01 to 03,149.0,apartment,1993,69 years 10 months,765000.0,2022,10,69,29,5134.228187919463
pasir ris,executive,710,pasir ris st 72,04 to 06,146.0,apartment,1996,72 years 08 months,773000.0,2022,10,72,26,5294.520547945205
pasir ris,executive,447,pasir ris dr 6,01 to 03,146.0,maisonette,1989,66 years 02 months,780000.0,2022,10,66,33,5342.465753424657
pasir ris,executive,245,pasir ris st 21,07 to 09,148.0,apartment,1993,69 years 10 months,780000.0,2022,10,69,29,5270.27027027027
pasir ris,executive,649,pasir ris dr 10,04 to 06,145.0,apartment,1995,72 years,790000.0,2022,10,72,27,5448.275862068966
pasir ris,executive,464,pasir ris st 41,04 to 06,156.0,maisonette,1992,69 years 03 months,808000.0,2022,10,69,30,5179.48717948718
pasir ris,executive,218,pasir ris st 21,10 to 12,148.0,apartment,1993,69 years 10 months,810000.0,2022,10,69,29,5472.972972972973
pasir ris,executive,602,elias rd,04 to 06,154.0,apartment,1995,71 years 06 months,818000.0,2022,10,71,27,5311.688311688312
pasir ris,executive,503,pasir ris st 52,07 to 09,147.0,apartment,1993,70 years 03 months,820000.0,2022,10,70,29,5578.231292517007
pasir ris,executive,503,pasir ris st 52,04 to 06,147.0,apartment,1993,70 years 03 months,838000.0,2022,10,70,29,5700.680272108843
pasir ris,executive,606,elias rd,04 to 06,154.0,apartment,1995,71 years 06 months,850000.0,2022,10,71,27,5519.480519480519
pasir ris,executive,646,pasir ris dr 10,10 to 12,150.0,apartment,1995,72 years,900000.0,2022,10,72,27,6000.0
pasir ris,executive,601,elias rd,10 to 12,154.0,apartment,1995,71 years 06 months,903000.0,2022,10,71,27,5863.636363636364
pasir ris,executive,152,pasir ris st 13,01 to 03,149.0,apartment,1995,71 years 04 months,710000.0,2022,11,71,27,4765.10067114094
pasir ris,executive,269,pasir ris st 21,04 to 06,143.0,apartment,1994,71 years 01 month,725888.0,2022,11,71,28,5076.1398601398605
pasir ris,executive,209,pasir ris st 21,04 to 06,147.0,apartment,1993,69 years 11 months,738000.0,2022,11,69,29,5020.408163265306
pasir ris,executive,271,pasir ris st 21,07 to 09,143.0,apartment,1994,71 years,742500.0,2022,11,71,28,5192.307692307692
pasir ris,executive,154,pasir ris st 13,04 to 06,146.0,apartment,1995,71 years 04 months,757000.0,2022,11,71,27,5184.931506849315
pasir ris,executive,128,pasir ris st 11,01 to 03,146.0,maisonette,1988,65 years 01 month,760000.0,2022,11,65,34,5205.479452054795
pasir ris,executive,250,pasir ris st 21,10 to 12,149.0,apartment,1993,69 years 10 months,780000.0,2022,11,69,29,5234.89932885906
pasir ris,executive,607,elias rd,07 to 09,149.0,apartment,1995,71 years 10 months,815000.0,2022,11,71,27,5469.798657718121
pasir ris,executive,466,pasir ris st 41,07 to 09,144.0,apartment,1992,69 years 02 months,818000.0,2022,11,69,30,5680.555555555556
pasir ris,executive,223,pasir ris st 21,07 to 09,147.0,apartment,1993,69 years 09 months,830000.0,2022,11,69,29,5646.258503401361
pasir ris,executive,582,pasir ris st 53,13 to 15,147.0,apartment,1995,72 years 01 month,898000.0,2022,11,72,27,6108.843537414966
pasir ris,executive,586,pasir ris st 53,04 to 06,148.0,apartment,1995,72 years,900000.0,2022,11,72,27,6081.081081081081
pasir ris,executive,408,pasir ris dr 6,01 to 03,147.0,maisonette,1990,66 years 07 months,928000.0,2022,11,66,32,6312.925170068027
pasir ris,executive,134,pasir ris st 11,01 to 03,152.0,apartment,1994,70 years 05 months,720000.0,2022,12,70,28,4736.8421052631575
pasir ris,executive,268,pasir ris st 21,01 to 03,145.0,apartment,1994,71 years,720000.0,2022,12,71,28,4965.517241379311
pasir ris,executive,456,pasir ris dr 4,01 to 03,142.0,apartment,1992,68 years 11 months,735000.0,2022,12,68,30,5176.056338028169
pasir ris,executive,152,pasir ris st 13,04 to 06,150.0,apartment,1995,71 years 03 months,735000.0,2022,12,71,27,4900.0
pasir ris,executive,241,pasir ris st 21,04 to 06,146.0,apartment,1993,69 years 08 months,760000.0,2022,12,69,29,5205.479452054795
pasir ris,executive,506,pasir ris st 52,01 to 03,146.0,apartment,1993,69 years 10 months,765000.0,2022,12,69,29,5239.726027397261
pasir ris,executive,463,pasir ris st 41,04 to 06,145.0,apartment,1992,68 years 11 months,768000.0,2022,12,68,30,5296.551724137931
pasir ris,executive,238,pasir ris st 21,07 to 09,147.0,apartment,1993,69 years 09 months,780000.0,2022,12,69,29,5306.122448979592
pasir ris,executive,244,pasir ris st 21,10 to 12,149.0,apartment,1993,69 years 08 months,802000.0,2022,12,69,29,5382.5503355704695
pasir ris,executive,548,pasir ris st 51,10 to 12,144.0,apartment,1992,68 years 11 months,808000.0,2022,12,68,30,5611.111111111111
pasir ris,executive,242,pasir ris st 21,10 to 12,149.0,apartment,1993,69 years 08 months,808000.0,2022,12,69,29,5422.818791946309
pasir ris,executive,605,elias rd,01 to 03,154.0,apartment,1995,71 years 05 months,820000.0,2022,12,71,27,5324.675324675325
pasir ris,executive,710,pasir ris st 72,10 to 12,148.0,apartment,1996,72 years 07 months,820000.0,2022,12,72,26,5540.540540540541
pasir ris,executive,108,pasir ris st 12,04 to 06,149.0,maisonette,1988,64 years 10 months,828888.0,2022,12,64,34,5563.006711409396
pasir ris,executive,454,pasir ris dr 6,04 to 06,146.0,maisonette,1989,66 years 01 month,830000.0,2022,12,66,33,5684.931506849315
pasir ris,executive,578,pasir ris st 53,04 to 06,148.0,apartment,1995,71 years 11 months,835000.0,2022,12,71,27,5641.891891891892
pasir ris,executive,779,pasir ris st 71,07 to 09,143.0,apartment,1996,72 years 08 months,838000.0,2022,12,72,26,5860.1398601398605
pasir ris,executive,710,pasir ris st 72,13 to 15,143.0,apartment,1996,72 years 07 months,865000.0,2022,12,72,26,6048.9510489510485
pasir ris,executive,241,pasir ris st 21,10 to 12,158.0,apartment,1993,69 years 08 months,888888.0,2022,12,69,29,5625.873417721519
pasir ris,executive,237,pasir ris st 21,01 to 03,146.0,apartment,1993,69 years 08 months,705000.0,2023,1,69,30,4828.767123287671
pasir ris,executive,209,pasir ris st 21,01 to 03,146.0,apartment,1993,69 years 09 months,720000.0,2023,1,69,30,4931.506849315068
pasir ris,executive,157,pasir ris st 13,01 to 03,149.0,apartment,1995,71 years 02 months,725000.0,2023,1,71,28,4865.771812080537
pasir ris,executive,204,pasir ris st 21,01 to 03,147.0,apartment,1993,69 years 09 months,735000.0,2023,1,69,30,5000.0
pasir ris,executive,207,pasir ris st 21,04 to 06,147.0,apartment,1993,69 years 09 months,738888.0,2023,1,69,30,5026.448979591837
pasir ris,executive,464,pasir ris st 41,01 to 03,144.0,apartment,1992,69 years,743000.0,2023,1,69,31,5159.722222222223
pasir ris,executive,131,pasir ris st 11,04 to 06,149.0,apartment,1994,70 years 10 months,743888.0,2023,1,70,29,4992.536912751678
pasir ris,executive,136,pasir ris st 11,07 to 09,145.0,apartment,1994,70 years 10 months,770000.0,2023,1,70,29,5310.3448275862065
pasir ris,executive,244,pasir ris st 21,07 to 09,145.0,apartment,1993,69 years 08 months,780000.0,2023,1,69,30,5379.310344827586
pasir ris,executive,710,pasir ris st 72,04 to 06,145.0,maisonette,1996,72 years 06 months,785000.0,2023,1,72,27,5413.793103448276
pasir ris,executive,460,pasir ris dr 4,10 to 12,146.0,apartment,1992,68 years 11 months,820000.0,2023,1,68,31,5616.438356164384
pasir ris,executive,643,pasir ris dr 10,07 to 09,145.0,apartment,1995,71 years 08 months,820000.0,2023,1,71,28,5655.172413793103
pasir ris,executive,649,pasir ris dr 10,01 to 03,150.0,apartment,1995,71 years 08 months,835000.0,2023,1,71,28,5566.666666666667
pasir ris,executive,204,pasir ris st 21,10 to 12,148.0,apartment,1993,69 years 09 months,835000.0,2023,1,69,30,5641.891891891892
pasir ris,executive,578,pasir ris st 53,01 to 03,148.0,apartment,1995,71 years 11 months,845000.0,2023,1,71,28,5709.459459459459
pasir ris,executive,585,pasir ris st 53,01 to 03,152.0,maisonette,1995,71 years 10 months,950000.0,2023,1,71,28,6250.0
pasir ris,executive,251,pasir ris st 21,07 to 09,145.0,apartment,1993,69 years 06 months,765000.0,2023,2,69,30,5275.862068965517
pasir ris,executive,510,pasir ris st 52,01 to 03,146.0,apartment,1993,69 years 07 months,770000.0,2023,2,69,30,5273.972602739726
pasir ris,executive,267,pasir ris st 21,04 to 06,144.0,apartment,1994,70 years 08 months,777000.0,2023,2,70,29,5395.833333333333
pasir ris,executive,537,pasir ris st 51,04 to 06,144.0,apartment,1992,68 years 11 months,810000.0,2023,2,68,31,5625.0
pasir ris,executive,533,pasir ris dr 1,04 to 06,145.0,apartment,1992,68 years 10 months,835000.0,2023,2,68,31,5758.620689655172
pasir ris,executive,548,pasir ris st 51,10 to 12,144.0,apartment,1992,68 years 11 months,840000.0,2023,2,68,31,5833.333333333333
pasir ris,executive,543,pasir ris st 51,10 to 12,144.0,apartment,1992,68 years 11 months,880000.0,2023,2,68,31,6111.111111111111
pasir ris,executive,448,pasir ris dr 6,10 to 12,154.0,maisonette,1989,65 years 11 months,950000.0,2023,2,65,34,6168.831168831169
pasir ris,executive,266,pasir ris st 21,01 to 03,143.0,apartment,1994,70 years 08 months,745000.0,2023,3,70,29,5209.79020979021
pasir ris,executive,128,pasir ris st 11,04 to 06,146.0,maisonette,1988,64 years 09 months,785000.0,2023,3,64,35,5376.712328767123
pasir ris,executive,645,pasir ris dr 10,01 to 03,150.0,apartment,1995,71 years 07 months,795000.0,2023,3,71,28,5300.0
pasir ris,executive,651,pasir ris dr 10,07 to 09,148.0,apartment,1995,71 years 06 months,807500.0,2023,3,71,28,5456.081081081081
pasir ris,executive,500,pasir ris st 52,10 to 12,146.0,apartment,1993,69 years 10 months,825000.0,2023,3,69,30,5650.684931506849
pasir ris,executive,646,pasir ris dr 10,04 to 06,150.0,apartment,1995,71 years 06 months,830000.0,2023,3,71,28,5533.333333333333
pasir ris,executive,237,pasir ris st 21,13 to 15,159.0,apartment,1993,69 years 04 months,838888.0,2023,3,69,30,5276.025157232704
pasir ris,executive,505,pasir ris st 52,07 to 09,145.0,apartment,1993,69 years 07 months,843888.0,2023,3,69,30,5819.91724137931
pasir ris,executive,454,pasir ris dr 6,04 to 06,150.0,maisonette,1989,65 years 10 months,878000.0,2023,3,65,34,5853.333333333333
pasir ris,executive,408,pasir ris dr 6,10 to 12,147.0,maisonette,1990,66 years 01 month,908000.0,2023,3,66,33,6176.8707482993195
pasir ris,executive,463,pasir ris st 41,04 to 06,145.0,apartment,1992,68 years 09 months,770000.0,2023,4,68,31,5310.3448275862065
pasir ris,executive,509,pasir ris st 52,01 to 03,145.0,apartment,1993,69 years 05 months,770000.0,2023,4,69,30,5310.3448275862065
pasir ris,executive,158,pasir ris st 13,01 to 03,159.0,apartment,1995,70 years 11 months,780000.0,2023,4,70,28,4905.66037735849
pasir ris,executive,222,pasir ris st 21,04 to 06,149.0,apartment,1993,69 years 03 months,795000.0,2023,4,69,30,5335.5704697986575
pasir ris,executive,459,pasir ris dr 4,10 to 12,142.0,apartment,1992,68 years 09 months,800000.0,2023,4,68,31,5633.802816901409
pasir ris,executive,540,pasir ris st 51,01 to 03,144.0,apartment,1992,68 years 08 months,812000.0,2023,4,68,31,5638.888888888889
pasir ris,executive,101,pasir ris st 12,04 to 06,146.0,maisonette,1988,64 years 08 months,830900.0,2023,4,64,35,5691.095890410959
pasir ris,executive,129,pasir ris st 11,07 to 09,146.0,maisonette,1988,64 years 08 months,835000.0,2023,4,64,35,5719.178082191781
pasir ris,executive,549,pasir ris st 51,01 to 03,148.0,maisonette,1992,68 years 08 months,850000.0,2023,4,68,31,5743.243243243243
pasir ris,executive,583,pasir ris st 53,04 to 06,145.0,apartment,1995,71 years 06 months,870000.0,2023,4,71,28,6000.0
pasir ris,executive,583,pasir ris st 53,07 to 09,148.0,apartment,1995,71 years 07 months,900000.0,2023,4,71,28,6081.081081081081
pasir ris,executive,457,pasir ris dr 4,01 to 03,142.0,apartment,1992,68 years 08 months,738000.0,2023,5,68,31,5197.183098591549
pasir ris,executive,246,pasir ris st 21,01 to 03,150.0,apartment,1993,69 years 03 months,745000.0,2023,5,69,30,4966.666666666667
pasir ris,executive,505,pasir ris st 52,04 to 06,145.0,apartment,1993,69 years 05 months,760000.0,2023,5,69,30,5241.379310344828
pasir ris,executive,546,pasir ris st 51,01 to 03,144.0,apartment,1992,68 years 07 months,800000.0,2023,5,68,31,5555.555555555556
pasir ris,executive,466,pasir ris st 41,01 to 03,148.0,maisonette,1992,68 years 07 months,818000.0,2023,5,68,31,5527.027027027027
pasir ris,executive,108,pasir ris st 12,04 to 06,146.0,maisonette,1988,64 years 04 months,825000.0,2023,5,64,35,5650.684931506849
pasir ris,executive,503,pasir ris st 52,04 to 06,145.0,apartment,1993,69 years 08 months,830000.0,2023,5,69,30,5724.137931034483
pasir ris,executive,535,pasir ris dr 1,04 to 06,150.0,apartment,1992,68 years 08 months,848000.0,2023,5,68,31,5653.333333333333
pasir ris,executive,579,pasir ris st 53,01 to 03,148.0,apartment,1995,71 years 06 months,848888.0,2023,5,71,28,5735.72972972973
pasir ris,executive,585,pasir ris st 53,01 to 03,152.0,maisonette,1995,71 years 06 months,958000.0,2023,5,71,28,6302.631578947368
pasir ris,executive,537,pasir ris st 51,04 to 06,148.0,maisonette,1992,68 years 07 months,1000000.0,2023,5,68,31,6756.756756756757
pasir ris,executive,465,pasir ris st 41,07 to 09,146.0,apartment,1992,68 years 06 months,780000.0,2023,6,68,31,5342.465753424657
pasir ris,executive,601,elias rd,01 to 03,154.0,apartment,1995,70 years 10 months,800000.0,2023,6,70,28,5194.805194805195
pasir ris,executive,128,pasir ris st 11,01 to 03,146.0,maisonette,1988,64 years 06 months,800000.0,2023,6,64,35,5479.45205479452
pasir ris,executive,778,pasir ris st 71,01 to 03,143.0,apartment,1996,72 years 03 months,800000.0,2023,6,72,27,5594.4055944055945
pasir ris,executive,129,pasir ris st 11,07 to 09,146.0,maisonette,1988,64 years 06 months,810000.0,2023,6,64,35,5547.945205479452
pasir ris,executive,510,pasir ris st 52,07 to 09,143.0,apartment,1993,69 years 04 months,815000.0,2023,6,69,30,5699.300699300699
pasir ris,executive,647,pasir ris dr 10,04 to 06,150.0,apartment,1995,71 years 02 months,818000.0,2023,6,71,28,5453.333333333333
pasir ris,executive,457,pasir ris dr 4,07 to 09,143.0,apartment,1992,68 years 07 months,820000.0,2023,6,68,31,5734.265734265734
pasir ris,executive,581,pasir ris st 53,01 to 03,148.0,apartment,1995,71 years 05 months,828000.0,2023,6,71,28,5594.594594594595
pasir ris,executive,536,pasir ris dr 1,01 to 03,145.0,apartment,1992,68 years 07 months,850000.0,2023,6,68,31,5862.068965517241
pasir ris,executive,505,pasir ris st 52,10 to 12,146.0,apartment,1993,69 years 04 months,855191.0,2023,6,69,30,5857.472602739726
pasir ris,executive,582,pasir ris st 53,07 to 09,145.0,apartment,1995,71 years 05 months,865000.0,2023,6,71,28,5965.517241379311
pasir ris,executive,647,pasir ris dr 10,10 to 12,148.0,apartment,1995,71 years 03 months,870000.0,2023,6,71,28,5878.378378378378
pasir ris,executive,534,pasir ris dr 1,10 to 12,147.0,apartment,1992,68 years 07 months,930000.0,2023,6,68,31,6326.530612244898
pasir ris,executive,133,pasir ris st 11,01 to 03,147.0,apartment,1994,70 years 04 months,722000.0,2023,7,70,29,4911.56462585034
pasir ris,executive,242,pasir ris st 21,01 to 03,150.0,apartment,1993,69 years 02 months,760000.0,2023,7,69,30,5066.666666666667
pasir ris,executive,717,pasir ris st 72,04 to 06,143.0,apartment,1996,71 years 11 months,785000.0,2023,7,71,27,5489.51048951049
pasir ris,executive,510,pasir ris st 52,01 to 03,146.0,apartment,1993,69 years 03 months,790000.0,2023,7,69,30,5410.958904109589
pasir ris,executive,422,pasir ris dr 6,04 to 06,145.0,maisonette,1989,65 years 04 months,802000.0,2023,7,65,34,5531.0344827586205
pasir ris,executive,500,pasir ris st 52,10 to 12,146.0,apartment,1993,69 years 07 months,835000.0,2023,7,69,30,5719.178082191781
pasir ris,executive,501,pasir ris st 52,01 to 03,145.0,apartment,1993,69 years 06 months,838000.0,2023,7,69,30,5779.310344827586
pasir ris,executive,509,pasir ris st 52,13 to 15,146.0,apartment,1993,69 years 03 months,845000.0,2023,7,69,30,5787.671232876713
pasir ris,executive,501,pasir ris st 52,10 to 12,145.0,apartment,1993,69 years 06 months,850000.0,2023,7,69,30,5862.068965517241
pasir ris,executive,714,pasir ris st 72,01 to 03,148.0,apartment,1996,71 years 11 months,860000.0,2023,7,71,27,5810.810810810811
pasir ris,executive,583,pasir ris st 53,01 to 03,147.0,apartment,1995,71 years 04 months,878000.0,2023,7,71,28,5972.789115646258
pasir ris,executive,504,pasir ris st 52,16 to 18,150.0,apartment,1993,69 years 02 months,900000.0,2023,7,69,30,6000.0
pasir ris,executive,601,elias rd,10 to 12,150.0,apartment,1995,70 years 09 months,1000000.0,2023,7,70,28,6666.666666666667
pasir ris,executive,646,pasir ris dr 10,01 to 03,146.0,apartment,1995,71 years 02 months,754000.0,2023,8,71,28,5164.3835616438355
pasir ris,executive,781,pasir ris st 71,01 to 03,143.0,apartment,1996,72 years,795000.0,2023,8,72,27,5559.44055944056
pasir ris,executive,457,pasir ris dr 4,10 to 12,147.0,apartment,1992,68 years 05 months,818000.0,2023,8,68,31,5564.625850340136
pasir ris,executive,237,pasir ris st 21,10 to 12,149.0,apartment,1993,69 years,825000.0,2023,8,69,30,5536.912751677853
pasir ris,executive,466,pasir ris st 41,10 to 12,146.0,apartment,1992,68 years 04 months,825000.0,2023,8,68,31,5650.684931506849
pasir ris,executive,505,pasir ris st 52,04 to 06,146.0,apartment,1993,69 years 02 months,825000.0,2023,8,69,30,5650.684931506849
pasir ris,executive,413,pasir ris dr 6,01 to 03,145.0,maisonette,1989,65 years 04 months,838000.0,2023,8,65,34,5779.310344827586
pasir ris,executive,643,pasir ris dr 10,07 to 09,150.0,apartment,1995,71 years 01 month,855000.0,2023,8,71,28,5700.0
pasir ris,executive,101,pasir ris st 12,10 to 12,146.0,maisonette,1988,64 years 04 months,861888.0,2023,8,64,35,5903.342465753424
pasir ris,executive,408,pasir ris dr 6,10 to 12,152.0,maisonette,1990,65 years 08 months,880000.0,2023,8,65,33,5789.473684210527
pasir ris,executive,413,pasir ris dr 6,01 to 03,156.0,maisonette,1989,65 years 04 months,900000.0,2023,8,65,34,5769.2307692307695
pasir ris,executive,108,pasir ris st 12,07 to 09,154.0,maisonette,1988,64 years 02 months,900000.0,2023,8,64,35,5844.1558441558445
pasir ris,executive,585,pasir ris st 53,07 to 09,151.0,maisonette,1995,71 years 02 months,970000.0,2023,8,71,28,6423.841059602649
pasir ris,executive,238,pasir ris st 21,04 to 06,146.0,apartment,1993,68 years 10 months,752888.0,2023,9,68,30,5156.767123287671
pasir ris,executive,714,pasir ris st 72,01 to 03,146.0,apartment,1996,71 years 10 months,785000.0,2023,9,71,27,5376.712328767123
pasir ris,executive,645,pasir ris dr 10,04 to 06,150.0,apartment,1995,71 years 01 month,820000.0,2023,9,71,28,5466.666666666667
pasir ris,executive,548,pasir ris st 51,04 to 06,144.0,apartment,1992,68 years 04 months,833000.0,2023,9,68,31,5784.722222222223
pasir ris,executive,418,pasir ris dr 6,04 to 06,149.0,maisonette,1989,64 years 07 months,858000.0,2023,9,64,34,5758.3892617449665
pasir ris,executive,269,pasir ris st 21,04 to 06,145.0,apartment,1994,70 years,720000.0,2023,10,70,29,4965.517241379311
pasir ris,executive,160,pasir ris st 13,04 to 06,149.0,apartment,1995,70 years 06 months,728000.0,2023,10,70,28,4885.906040268456
pasir ris,executive,217,pasir ris st 21,01 to 03,149.0,apartment,1993,68 years 10 months,750000.0,2023,10,68,30,5033.557046979866
pasir ris,executive,713,pasir ris st 72,04 to 06,146.0,apartment,1996,71 years 08 months,760000.0,2023,10,71,27,5205.479452054795
pasir ris,executive,248,pasir ris st 21,07 to 09,150.0,apartment,1993,68 years 10 months,770000.0,2023,10,68,30,5133.333333333333
pasir ris,executive,250,pasir ris st 21,07 to 09,148.0,apartment,1993,68 years 10 months,800000.0,2023,10,68,30,5405.405405405405
pasir ris,executive,224,pasir ris st 21,01 to 03,148.0,apartment,1993,68 years 09 months,805000.0,2023,10,68,30,5439.189189189189
pasir ris,executive,607,elias rd,07 to 09,155.0,apartment,1995,70 years 10 months,868000.0,2023,10,70,28,5600.0
pasir ris,executive,413,pasir ris dr 6,01 to 03,145.0,maisonette,1989,65 years 01 month,870000.0,2023,10,65,34,6000.0
pasir ris,executive,538,pasir ris st 51,01 to 03,143.0,apartment,1992,68 years 03 months,870000.0,2023,10,68,31,6083.916083916084
pasir ris,executive,711,pasir ris st 72,01 to 03,149.0,apartment,1996,71 years 09 months,885000.0,2023,10,71,27,5939.597315436242
pasir ris,executive,454,pasir ris dr 6,07 to 09,150.0,maisonette,1989,65 years 02 months,888000.0,2023,10,65,34,5920.0
pasir ris,executive,418,pasir ris dr 6,07 to 09,149.0,maisonette,1989,64 years 06 months,920000.0,2023,10,64,34,6174.496644295302
pasir ris,executive,541,pasir ris st 51,10 to 12,144.0,apartment,1992,68 years 03 months,945000.0,2023,10,68,31,6562.5
pasir ris,executive,248,pasir ris st 21,07 to 09,148.0,apartment,1993,68 years 09 months,755000.0,2023,11,68,30,5101.351351351352
pasir ris,executive,158,pasir ris st 13,01 to 03,149.0,apartment,1995,70 years 04 months,760000.0,2023,11,70,28,5100.6711409395975
pasir ris,executive,136,pasir ris st 11,04 to 06,149.0,apartment,1994,69 years 11 months,780000.0,2023,11,69,29,5234.89932885906
pasir ris,executive,249,pasir ris st 21,07 to 09,148.0,apartment,1993,68 years 09 months,791500.0,2023,11,68,30,5347.972972972973
pasir ris,executive,463,pasir ris st 41,04 to 06,145.0,apartment,1992,67 years 11 months,816000.0,2023,11,67,31,5627.586206896552
pasir ris,executive,778,pasir ris st 71,04 to 06,143.0,apartment,1996,71 years 09 months,818000.0,2023,11,71,27,5720.27972027972
pasir ris,executive,217,pasir ris st 21,10 to 12,147.0,apartment,1993,68 years 10 months,825000.0,2023,11,68,30,5612.244897959184
pasir ris,executive,711,pasir ris st 72,07 to 09,146.0,apartment,1996,71 years 08 months,830000.0,2023,11,71,27,5684.931506849315
pasir ris,executive,503,pasir ris st 52,10 to 12,146.0,apartment,1993,69 years 01 month,839888.0,2023,11,69,30,5752.657534246576
pasir ris,executive,584,pasir ris st 53,01 to 03,147.0,apartment,1995,71 years,844000.0,2023,11,71,28,5741.496598639455
pasir ris,executive,418,pasir ris dr 6,04 to 06,149.0,maisonette,1989,64 years 05 months,918000.0,2023,11,64,34,6161.073825503356
pasir ris,executive,240,pasir ris st 21,04 to 06,146.0,apartment,1993,68 years 08 months,738888.0,2023,12,68,30,5060.876712328767
pasir ris,executive,643,pasir ris dr 10,04 to 06,149.0,apartment,1995,70 years 09 months,770000.0,2023,12,70,28,5167.785234899329
pasir ris,executive,207,pasir ris st 21,01 to 03,146.0,apartment,1993,68 years 10 months,785000.0,2023,12,68,30,5376.712328767123
pasir ris,executive,240,pasir ris st 21,07 to 09,146.0,apartment,1993,68 years 08 months,800000.0,2023,12,68,30,5479.45205479452
pasir ris,executive,222,pasir ris st 21,10 to 12,149.0,apartment,1993,68 years 08 months,805000.0,2023,12,68,30,5402.684563758389
pasir ris,executive,582,pasir ris st 53,04 to 06,147.0,apartment,1995,70 years 11 months,825000.0,2023,12,70,28,5612.244897959184
pasir ris,executive,781,pasir ris st 71,13 to 15,143.0,apartment,1996,71 years 10 months,850888.0,2023,12,71,27,5950.265734265734
pasir ris,executive,413,pasir ris dr 6,01 to 03,146.0,maisonette,1989,65 years,860000.0,2023,12,65,34,5890.41095890411
pasir ris,executive,242,pasir ris st 21,04 to 06,148.0,apartment,1993,68 years 08 months,742000.0,2024,1,68,31,5013.513513513513
pasir ris,executive,643,pasir ris dr 10,01 to 03,149.0,apartment,1995,70 years 08 months,758000.0,2024,1,70,29,5087.248322147651
pasir ris,executive,247,pasir ris st 21,04 to 06,148.0,apartment,1993,68 years 07 months,785000.0,2024,1,68,31,5304.054054054054
pasir ris,executive,203,pasir ris st 21,10 to 12,146.0,apartment,1993,68 years 09 months,788000.0,2024,1,68,31,5397.260273972603
pasir ris,executive,249,pasir ris st 21,01 to 03,149.0,apartment,1993,68 years 07 months,788000.0,2024,1,68,31,5288.5906040268455
pasir ris,executive,243,pasir ris st 21,04 to 06,148.0,apartment,1993,68 years 06 months,802000.0,2024,1,68,31,5418.918918918919
pasir ris,executive,134,pasir ris st 11,04 to 06,149.0,apartment,1994,69 years 04 months,808888.0,2024,1,69,30,5428.778523489933
pasir ris,executive,246,pasir ris st 21,04 to 06,147.0,apartment,1993,68 years 06 months,820000.0,2024,1,68,31,5578.231292517007
pasir ris,executive,645,pasir ris dr 10,07 to 09,148.0,apartment,1995,70 years 08 months,828000.0,2024,1,70,29,5594.594594594595
pasir ris,executive,643,pasir ris dr 10,01 to 03,148.0,apartment,1995,70 years 08 months,840000.0,2024,1,70,29,5675.675675675676
pasir ris,executive,238,pasir ris st 21,10 to 12,147.0,apartment,1993,68 years 08 months,840000.0,2024,1,68,31,5714.285714285715
pasir ris,executive,466,pasir ris st 41,07 to 09,148.0,maisonette,1992,68 years,840000.0,2024,1,68,32,5675.675675675676
pasir ris,executive,609,elias rd,07 to 09,148.0,apartment,1995,70 years 07 months,840888.0,2024,1,70,29,5681.675675675676
pasir ris,executive,504,pasir ris st 52,10 to 12,145.0,apartment,1993,68 years 08 months,878000.0,2024,1,68,31,6055.172413793103
pasir ris,executive,714,pasir ris st 72,13 to 15,148.0,apartment,1996,71 years 06 months,880000.0,2024,1,71,28,5945.945945945946
pasir ris,executive,582,pasir ris st 53,07 to 09,146.0,apartment,1995,70 years 10 months,885000.0,2024,1,70,29,6061.643835616438
pasir ris,executive,603,elias rd,01 to 03,149.0,maisonette,1995,70 years 03 months,910000.0,2024,1,70,29,6107.38255033557
pasir ris,executive,584,pasir ris st 53,10 to 12,151.0,maisonette,1995,70 years 10 months,1030000.0,2024,1,70,29,6821.192052980133
pasir ris,executive,235,pasir ris st 21,07 to 09,147.0,apartment,1993,68 years 06 months,755000.0,2024,2,68,31,5136.0544217687075
pasir ris,executive,133,pasir ris st 11,04 to 06,146.0,apartment,1994,69 years 09 months,758000.0,2024,2,69,30,5191.780821917808
pasir ris,executive,206,pasir ris st 21,01 to 03,148.0,apartment,1993,68 years 08 months,770000.0,2024,2,68,31,5202.7027027027025
pasir ris,executive,131,pasir ris st 11,01 to 03,165.0,apartment,1994,69 years 09 months,799000.0,2024,2,69,30,4842.424242424242
pasir ris,executive,509,pasir ris st 52,07 to 09,146.0,apartment,1993,68 years 08 months,805000.0,2024,2,68,31,5513.698630136986
pasir ris,executive,463,pasir ris st 41,07 to 09,144.0,apartment,1992,67 years 11 months,815000.0,2024,2,67,32,5659.722222222223
pasir ris,executive,645,pasir ris dr 10,04 to 06,148.0,apartment,1995,70 years 08 months,825000.0,2024,2,70,29,5574.324324324324
pasir ris,executive,548,pasir ris st 51,04 to 06,144.0,apartment,1992,67 years 10 months,875000.0,2024,2,67,32,6076.388888888889
pasir ris,executive,603,elias rd,04 to 06,150.0,maisonette,1995,70 years 02 months,880000.0,2024,2,70,29,5866.666666666667
pasir ris,executive,602,elias rd,07 to 09,154.0,apartment,1995,70 years 02 months,900000.0,2024,2,70,29,5844.1558441558445
pasir ris,executive,716,pasir ris st 72,16 to 18,143.0,apartment,1996,71 years 05 months,1003000.0,2024,2,71,28,7013.986013986014
pasir ris,executive,245,pasir ris st 21,10 to 12,147.0,apartment,1993,68 years 05 months,760000.0,2024,3,68,31,5170.068027210885
pasir ris,executive,207,pasir ris st 21,07 to 09,148.0,apartment,1993,68 years 06 months,780000.0,2024,3,68,31,5270.27027027027
pasir ris,executive,217,pasir ris st 21,04 to 06,149.0,apartment,1993,68 years 05 months,780000.0,2024,3,68,31,5234.89932885906
pasir ris,executive,250,pasir ris st 21,01 to 03,148.0,apartment,1993,68 years 05 months,800000.0,2024,3,68,31,5405.405405405405
pasir ris,executive,243,pasir ris st 21,10 to 12,145.0,apartment,1993,68 years 06 months,800888.0,2024,3,68,31,5523.365517241379
pasir ris,executive,220,pasir ris st 21,07 to 09,146.0,apartment,1993,68 years 05 months,808000.0,2024,3,68,31,5534.246575342466
pasir ris,executive,153,pasir ris st 13,01 to 03,145.0,apartment,1995,70 years,818000.0,2024,3,70,29,5641.379310344828
pasir ris,executive,779,pasir ris st 71,04 to 06,144.0,apartment,1996,71 years 07 months,818000.0,2024,3,71,28,5680.555555555556
pasir ris,executive,269,pasir ris st 21,07 to 09,146.0,apartment,1994,69 years 08 months,818000.0,2024,3,69,30,5602.739726027397
pasir ris,executive,448,pasir ris dr 6,01 to 03,146.0,maisonette,1989,64 years 10 months,835000.0,2024,3,64,35,5719.178082191781
pasir ris,executive,465,pasir ris st 41,07 to 09,150.0,apartment,1992,67 years 11 months,846000.0,2024,3,67,32,5640.0
pasir ris,executive,582,pasir ris st 53,04 to 06,148.0,apartment,1995,70 years 08 months,850000.0,2024,3,70,29,5743.243243243243
pasir ris,executive,505,pasir ris st 52,04 to 06,146.0,apartment,1993,68 years 07 months,850888.0,2024,3,68,31,5828.0
pasir ris,executive,647,pasir ris dr 10,10 to 12,150.0,apartment,1995,70 years 06 months,878000.0,2024,3,70,29,5853.333333333333
pasir ris,executive,510,pasir ris st 52,13 to 15,146.0,apartment,1993,68 years 07 months,880000.0,2024,3,68,31,6027.397260273972
pasir ris,executive,448,pasir ris dr 6,04 to 06,146.0,maisonette,1989,64 years 10 months,890000.0,2024,3,64,35,6095.890410958904
pasir ris,executive,584,pasir ris st 53,07 to 09,145.0,apartment,1995,70 years 08 months,908000.0,2024,3,70,29,6262.068965517241
pasir ris,executive,408,pasir ris dr 6,04 to 06,152.0,maisonette,1990,65 years 02 months,930000.0,2024,3,65,34,6118.421052631579
pasir ris,executive,531,pasir ris dr 1,01 to 03,147.0,maisonette,1992,67 years 10 months,938000.0,2024,3,67,32,6380.952380952381
pasir ris,executive,711,pasir ris st 72,07 to 09,145.0,maisonette,1996,71 years 03 months,950000.0,2024,3,71,28,6551.724137931034
pasir ris,executive,270,pasir ris st 21,01 to 03,144.0,apartment,1994,69 years 08 months,750000.0,2024,4,69,30,5208.333333333333
pasir ris,executive,133,pasir ris st 11,01 to 03,147.0,apartment,1994,69 years 07 months,770000.0,2024,4,69,30,5238.0952380952385
pasir ris,executive,580,pasir ris st 53,01 to 03,148.0,apartment,1995,70 years 07 months,820000.0,2024,4,70,29,5540.540540540541
pasir ris,executive,456,pasir ris dr 4,10 to 12,143.0,apartment,1992,67 years 09 months,830000.0,2024,4,67,32,5804.195804195804
pasir ris,executive,712,pasir ris st 72,01 to 03,147.0,apartment,1996,71 years 04 months,840000.0,2024,4,71,28,5714.285714285715
pasir ris,executive,782,pasir ris st 71,04 to 06,144.0,apartment,1996,71 years 05 months,845000.0,2024,4,71,28,5868.055555555556
pasir ris,executive,464,pasir ris st 41,07 to 09,146.0,apartment,1992,67 years 09 months,858000.0,2024,4,67,32,5876.712328767123
pasir ris,executive,504,pasir ris st 52,07 to 09,145.0,apartment,1993,68 years 06 months,878888.0,2024,4,68,31,6061.296551724138
pasir ris,executive,507,pasir ris st 52,10 to 12,145.0,apartment,1993,68 years 06 months,880000.0,2024,4,68,31,6068.9655172413795
pasir ris,executive,459,pasir ris dr 4,10 to 12,142.0,apartment,1992,67 years 09 months,880000.0,2024,4,67,32,6197.183098591549
pasir ris,executive,712,pasir ris st 72,04 to 06,148.0,apartment,1996,71 years 03 months,900000.0,2024,4,71,28,6081.081081081081
pasir ris,executive,603,elias rd,01 to 03,149.0,maisonette,1995,70 years,908000.0,2024,4,70,29,6093.959731543624
pasir ris,executive,710,pasir ris st 72,13 to 15,148.0,apartment,1996,71 years 03 months,920000.0,2024,4,71,28,6216.216216216216
pasir ris,executive,238,pasir ris st 21,07 to 09,147.0,apartment,1993,68 years 03 months,775000.0,2024,5,68,31,5272.108843537415
pasir ris,executive,136,pasir ris st 11,07 to 09,145.0,apartment,1994,69 years 06 months,790000.0,2024,5,69,30,5448.275862068966
pasir ris,executive,236,pasir ris st 21,10 to 12,147.0,apartment,1993,68 years 03 months,790000.0,2024,5,68,31,5374.149659863946
pasir ris,executive,156,pasir ris st 13,01 to 03,147.0,apartment,1995,69 years 10 months,800000.0,2024,5,69,29,5442.1768707483
pasir ris,executive,538,pasir ris st 51,01 to 03,144.0,apartment,1992,67 years 08 months,800000.0,2024,5,67,32,5555.555555555556
pasir ris,executive,506,pasir ris st 52,04 to 06,145.0,apartment,1993,68 years 05 months,818000.0,2024,5,68,31,5641.379310344828
pasir ris,executive,645,pasir ris dr 10,01 to 03,150.0,apartment,1995,70 years 04 months,830000.0,2024,5,70,29,5533.333333333333
pasir ris,executive,605,elias rd,01 to 03,149.0,apartment,1995,69 years 11 months,838000.0,2024,5,69,29,5624.161073825503
pasir ris,executive,644,pasir ris dr 10,04 to 06,148.0,apartment,1995,70 years 05 months,845000.0,2024,5,70,29,5709.459459459459
pasir ris,executive,717,pasir ris st 72,01 to 03,148.0,apartment,1996,71 years 03 months,845000.0,2024,5,71,28,5709.459459459459
pasir ris,executive,648,pasir ris dr 10,10 to 12,145.0,apartment,1995,70 years 04 months,857000.0,2024,5,70,29,5910.3448275862065
pasir ris,executive,507,pasir ris st 52,10 to 12,145.0,apartment,1993,68 years 05 months,878688.0,2024,5,68,31,6059.91724137931
pasir ris,executive,418,pasir ris dr 6,10 to 12,149.0,maisonette,1989,63 years 11 months,888000.0,2024,5,63,35,5959.731543624161
pasir ris,executive,108,pasir ris st 12,10 to 12,146.0,maisonette,1988,63 years 05 months,890000.0,2024,5,63,36,6095.890410958904
pasir ris,executive,548,pasir ris st 51,07 to 09,144.0,apartment,1992,67 years 08 months,890000.0,2024,5,67,32,6180.555555555556
pasir ris,executive,454,pasir ris dr 6,04 to 06,146.0,maisonette,1989,64 years 07 months,900000.0,2024,5,64,35,6164.3835616438355
pasir ris,executive,532,pasir ris dr 1,01 to 03,145.0,apartment,1992,67 years 07 months,908000.0,2024,5,67,32,6262.068965517241
pasir ris,executive,605,elias rd,01 to 03,154.0,apartment,1995,69 years 11 months,910000.0,2024,5,69,29,5909.090909090909
pasir ris,executive,422,pasir ris dr 6,10 to 12,151.0,maisonette,1989,64 years 05 months,948000.0,2024,5,64,35,6278.145695364238
pasir ris,executive,586,pasir ris st 53,07 to 09,146.0,apartment,1995,70 years 06 months,950000.0,2024,5,70,29,6506.8493150684935
pasir ris,executive,537,pasir ris st 51,07 to 09,149.0,maisonette,1992,67 years 08 months,965000.0,2024,5,67,32,6476.5100671140935
pasir ris,executive,549,pasir ris st 51,04 to 06,154.0,maisonette,1992,67 years 08 months,1030000.0,2024,5,67,32,6688.311688311688
pasir ris,executive,157,pasir ris st 13,04 to 06,152.0,apartment,1995,69 years 09 months,760888.0,2024,6,69,29,5005.8421052631575
pasir ris,executive,204,pasir ris st 21,07 to 09,147.0,apartment,1993,68 years 04 months,800000.0,2024,6,68,31,5442.1768707483
pasir ris,executive,217,pasir ris st 21,01 to 03,149.0,apartment,1993,68 years 02 months,802000.0,2024,6,68,31,5382.5503355704695
pasir ris,executive,206,pasir ris st 21,01 to 03,146.0,apartment,1993,68 years 05 months,810000.0,2024,6,68,31,5547.945205479452
pasir ris,executive,135,pasir ris st 11,04 to 06,147.0,apartment,1994,69 years 04 months,830000.0,2024,6,69,30,5646.258503401361
pasir ris,executive,239,pasir ris st 21,07 to 09,152.0,apartment,1993,68 years 02 months,839000.0,2024,6,68,31,5519.736842105263
pasir ris,executive,237,pasir ris st 21,13 to 15,146.0,apartment,1993,68 years 02 months,843000.0,2024,6,68,31,5773.972602739726
pasir ris,executive,422,pasir ris dr 6,01 to 03,151.0,maisonette,1989,64 years 05 months,870000.0,2024,6,64,35,5761.58940397351
pasir ris,executive,504,pasir ris st 52,01 to 03,145.0,apartment,1993,68 years 04 months,870000.0,2024,6,68,31,6000.0
pasir ris,executive,781,pasir ris st 71,13 to 15,143.0,apartment,1996,71 years 03 months,870000.0,2024,6,71,28,6083.916083916084
pasir ris,executive,546,pasir ris st 51,07 to 09,145.0,apartment,1992,67 years 07 months,900000.0,2024,6,67,32,6206.896551724138
pasir ris,executive,715,pasir ris st 72,10 to 12,148.0,apartment,1996,71 years 01 month,922000.0,2024,6,71,28,6229.72972972973
pasir ris,executive,645,pasir ris dr 10,07 to 09,149.0,apartment,1995,70 years 04 months,928888.0,2024,6,70,29,6234.147651006711
pasir ris,executive,533,pasir ris dr 1,07 to 09,145.0,apartment,1992,67 years 07 months,940000.0,2024,6,67,32,6482.758620689655
pasir ris,executive,532,pasir ris dr 1,10 to 12,145.0,apartment,1992,67 years 07 months,950000.0,2024,6,67,32,6551.724137931034
pasir ris,executive,602,elias rd,16 to 18,154.0,apartment,1995,69 years 10 months,1020000.0,2024,6,69,29,6623.376623376624
pasir ris,executive,152,pasir ris st 13,04 to 06,152.0,apartment,1995,69 years 09 months,778000.0,2024,7,69,29,5118.421052631579
pasir ris,executive,242,pasir ris st 21,07 to 09,148.0,apartment,1993,68 years 01 month,810000.0,2024,7,68,31,5472.972972972973
pasir ris,executive,224,pasir ris st 21,01 to 03,149.0,apartment,1993,68 years 01 month,825000.0,2024,7,68,31,5536.912751677853
pasir ris,executive,271,pasir ris st 21,07 to 09,145.0,apartment,1994,69 years 04 months,835000.0,2024,7,69,30,5758.620689655172
pasir ris,executive,503,pasir ris st 52,07 to 09,146.0,apartment,1993,68 years 06 months,837000.0,2024,7,68,31,5732.876712328767
pasir ris,executive,609,elias rd,01 to 03,149.0,apartment,1995,70 years 02 months,840000.0,2024,7,70,29,5637.583892617449
pasir ris,executive,717,pasir ris st 72,04 to 06,148.0,apartment,1996,71 years,845000.0,2024,7,71,28,5709.459459459459
pasir ris,executive,644,pasir ris dr 10,01 to 03,148.0,apartment,1995,70 years 03 months,850000.0,2024,7,70,29,5743.243243243243
pasir ris,executive,210,pasir ris st 21,07 to 09,149.0,apartment,1993,68 years 03 months,858000.0,2024,7,68,31,5758.3892617449665
pasir ris,executive,128,pasir ris st 11,04 to 06,151.0,maisonette,1988,63 years 05 months,865000.0,2024,7,63,36,5728.476821192053
pasir ris,executive,448,pasir ris dr 6,04 to 06,146.0,maisonette,1989,64 years 06 months,895000.0,2024,7,64,35,6130.13698630137
pasir ris,executive,601,elias rd,04 to 06,154.0,apartment,1995,69 years 09 months,896888.0,2024,7,69,29,5823.948051948052
pasir ris,executive,711,pasir ris st 72,07 to 09,145.0,maisonette,1996,71 years,930000.0,2024,7,71,28,6413.793103448276
pasir ris,executive,537,pasir ris st 51,07 to 09,141.0,apartment,1992,67 years 06 months,932000.0,2024,7,67,32,6609.929078014185
pasir ris,executive,585,pasir ris st 53,01 to 03,146.0,maisonette,1995,70 years 04 months,950000.0,2024,7,70,29,6506.8493150684935
pasir ris,executive,534,pasir ris dr 1,04 to 06,146.0,apartment,1992,67 years 06 months,958000.0,2024,7,67,32,6561.643835616438
pasir ris,executive,408,pasir ris dr 6,10 to 12,147.0,maisonette,1990,64 years 10 months,962000.0,2024,7,64,34,6544.21768707483
pasir ris,executive,210,pasir ris st 21,07 to 09,148.0,apartment,1993,68 years 01 month,808000.0,2024,8,68,31,5459.459459459459
pasir ris,executive,131,pasir ris st 11,07 to 09,147.0,apartment,1994,69 years 03 months,810000.0,2024,8,69,30,5510.2040816326535
pasir ris,executive,224,pasir ris st 21,04 to 06,148.0,apartment,1993,68 years,820000.0,2024,8,68,31,5540.540540540541
pasir ris,executive,268,pasir ris st 21,07 to 09,146.0,apartment,1994,69 years 04 months,828000.0,2024,8,69,30,5671.232876712329
pasir ris,executive,129,pasir ris st 11,07 to 09,142.0,apartment,1988,63 years 05 months,830000.0,2024,8,63,36,5845.070422535211
pasir ris,executive,240,pasir ris st 21,04 to 06,147.0,apartment,1993,68 years,848000.0,2024,8,68,31,5768.707482993197
pasir ris,executive,134,pasir ris st 11,07 to 09,149.0,apartment,1994,68 years 09 months,850000.0,2024,8,68,30,5704.697986577181
pasir ris,executive,508,pasir ris st 52,04 to 06,146.0,apartment,1993,68 years 02 months,858888.0,2024,8,68,31,5882.7945205479455
pasir ris,executive,132,pasir ris st 11,07 to 09,149.0,apartment,1994,69 years 03 months,865800.0,2024,8,69,30,5810.738255033557
pasir ris,executive,648,pasir ris dr 10,10 to 12,150.0,apartment,1995,70 years 01 month,880000.0,2024,8,70,29,5866.666666666667
pasir ris,executive,101,pasir ris st 12,04 to 06,146.0,maisonette,1988,63 years 04 months,880000.0,2024,8,63,36,6027.397260273972
pasir ris,executive,717,pasir ris st 72,13 to 15,148.0,apartment,1996,70 years 11 months,888888.0,2024,8,70,28,6006.0
pasir ris,executive,129,pasir ris st 11,07 to 09,151.0,maisonette,1988,63 years 04 months,938000.0,2024,8,63,36,6211.920529801325
pasir ris,executive,532,pasir ris dr 1,04 to 06,144.0,apartment,1992,67 years 05 months,952000.0,2024,8,67,32,6611.111111111111
pasir ris,executive,537,pasir ris st 51,13 to 15,144.0,apartment,1992,67 years 05 months,980000.0,2024,8,67,32,6805.555555555556
pasir ris,executive,544,pasir ris st 51,10 to 12,144.0,apartment,1992,67 years 04 months,1000000.0,2024,8,67,32,6944.444444444444
pasir ris,executive,210,pasir ris st 21,10 to 12,149.0,apartment,1993,68 years 01 month,810000.0,2024,9,68,31,5436.241610738255
pasir ris,executive,779,pasir ris st 71,04 to 06,144.0,apartment,1996,71 years,845000.0,2024,9,71,28,5868.055555555556
pasir ris,executive,642,pasir ris dr 10,04 to 06,145.0,apartment,1995,70 years,850000.0,2024,9,70,29,5862.068965517241
pasir ris,executive,650,pasir ris dr 10,04 to 06,149.0,apartment,1995,70 years 01 month,868000.0,2024,9,70,29,5825.503355704698
pasir ris,executive,505,pasir ris st 52,07 to 09,145.0,apartment,1993,68 years 01 month,870888.0,2024,9,68,31,6006.124137931034
pasir ris,executive,134,pasir ris st 11,04 to 06,149.0,apartment,1994,68 years 08 months,878000.0,2024,9,68,30,5892.61744966443
pasir ris,executive,129,pasir ris st 11,04 to 06,146.0,maisonette,1988,63 years 03 months,880000.0,2024,9,63,36,6027.397260273972
pasir ris,executive,454,pasir ris dr 6,10 to 12,146.0,maisonette,1989,64 years 03 months,910000.0,2024,9,64,35,6232.876712328767
pasir ris,executive,247,pasir ris st 21,10 to 12,149.0,apartment,1993,67 years 10 months,769000.0,2024,10,67,31,5161.073825503356
pasir ris,executive,237,pasir ris st 21,04 to 06,146.0,apartment,1993,67 years 11 months,808000.0,2024,10,67,31,5534.246575342466
pasir ris,executive,128,pasir ris st 11,07 to 09,151.0,maisonette,1988,63 years 03 months,835000.0,2024,10,63,36,5529.801324503312
pasir ris,executive,132,pasir ris st 11,01 to 03,149.0,apartment,1994,69 years 02 months,840000.0,2024,10,69,30,5637.583892617449
pasir ris,executive,155,pasir ris st 13,07 to 09,152.0,apartment,1995,69 years 05 months,840000.0,2024,10,69,29,5526.315789473684
pasir ris,executive,101,pasir ris st 12,04 to 06,146.0,maisonette,1988,63 years 02 months,855000.0,2024,10,63,36,5856.164383561644
pasir ris,executive,208,pasir ris st 21,04 to 06,148.0,apartment,1993,68 years,868000.0,2024,10,68,31,5864.864864864865
pasir ris,executive,509,pasir ris st 52,07 to 09,146.0,apartment,1993,68 years,925000.0,2024,10,68,31,6335.6164383561645
pasir ris,executive,534,pasir ris dr 1,04 to 06,144.0,apartment,1992,67 years 03 months,928000.0,2024,10,67,32,6444.444444444444
pasir ris,executive,500,pasir ris st 52,07 to 09,146.0,apartment,1993,68 years 03 months,938888.0,2024,10,68,31,6430.739726027397
pasir ris,executive,210,pasir ris st 21,07 to 09,147.0,apartment,1993,67 years 11 months,818000.0,2024,11,67,31,5564.625850340136
pasir ris,executive,217,pasir ris st 21,01 to 03,151.0,apartment,1993,67 years 10 months,827000.0,2024,11,67,31,5476.82119205298
pasir ris,executive,580,pasir ris st 53,01 to 03,147.0,apartment,1995,70 years,833000.0,2024,11,70,29,5666.666666666667
pasir ris,executive,510,pasir ris st 52,01 to 03,146.0,apartment,1993,67 years 11 months,840000.0,2024,11,67,31,5753.424657534247
pasir ris,executive,647,pasir ris dr 10,04 to 06,149.0,apartment,1995,69 years 10 months,855000.0,2024,11,69,29,5738.255033557047
pasir ris,executive,466,pasir ris st 41,01 to 03,148.0,maisonette,1992,67 years 03 months,895000.0,2024,11,67,32,6047.2972972972975
pasir ris,executive,420,pasir ris dr 6,01 to 03,146.0,maisonette,1989,63 years 03 months,910000.0,2024,11,63,35,6232.876712328767
pasir ris,executive,541,pasir ris st 51,01 to 03,143.0,apartment,1992,67 years 02 months,920000.0,2024,11,67,32,6433.566433566433
pasir ris,executive,607,elias rd,04 to 06,155.0,apartment,1995,69 years 09 months,928000.0,2024,11,69,29,5987.096774193548
pasir ris,executive,500,pasir ris st 52,13 to 15,146.0,apartment,1993,68 years 02 months,930000.0,2024,11,68,31,6369.86301369863
pasir ris,executive,780,pasir ris st 71,07 to 09,143.0,apartment,1996,70 years 10 months,940000.0,2024,11,70,28,6573.426573426574
pasir ris,executive,585,pasir ris st 53,01 to 03,146.0,maisonette,1995,70 years,955000.0,2024,11,70,29,6541.095890410959
pasir ris,executive,537,pasir ris st 51,13 to 15,141.0,apartment,1992,67 years 02 months,984000.0,2024,11,67,32,6978.723404255319
pasir ris,executive,547,pasir ris st 51,10 to 12,154.0,maisonette,1992,67 years 02 months,992000.0,2024,11,67,32,6441.558441558442
pasir ris,executive,536,pasir ris dr 1,13 to 15,147.0,apartment,1992,67 years 03 months,999000.0,2024,11,67,32,6795.918367346939
pasir ris,executive,250,pasir ris st 21,01 to 03,145.0,apartment,1993,67 years 09 months,810000.0,2024,12,67,31,5586.206896551724
pasir ris,executive,245,pasir ris st 21,01 to 03,148.0,apartment,1993,67 years 08 months,820000.0,2024,12,67,31,5540.540540540541
pasir ris,executive,129,pasir ris st 11,04 to 06,146.0,maisonette,1988,63 years 01 month,850000.0,2024,12,63,36,5821.917808219178
pasir ris,executive,649,pasir ris dr 10,04 to 06,145.0,apartment,1995,69 years 11 months,858000.0,2024,12,69,29,5917.241379310345
pasir ris,executive,456,pasir ris dr 4,07 to 09,142.0,apartment,1992,66 years 11 months,860000.0,2024,12,66,32,6056.338028169014
pasir ris,executive,248,pasir ris st 21,07 to 09,150.0,apartment,1993,67 years 09 months,860000.0,2024,12,67,31,5733.333333333333
pasir ris,executive,251,pasir ris st 21,04 to 06,148.0,apartment,1993,67 years 08 months,875000.0,2024,12,67,31,5912.1621621621625
pasir ris,executive,645,pasir ris dr 10,04 to 06,146.0,apartment,1995,69 years 10 months,878000.0,2024,12,69,29,6013.698630136986
pasir ris,executive,646,pasir ris dr 10,10 to 12,145.0,apartment,1995,69 years 10 months,880000.0,2024,12,69,29,6068.9655172413795
pasir ris,executive,459,pasir ris dr 4,07 to 09,142.0,apartment,1992,67 years 01 month,890000.0,2024,12,67,32,6267.605633802817
pasir ris,executive,643,pasir ris dr 10,07 to 09,145.0,apartment,1995,69 years 09 months,890000.0,2024,12,69,29,6137.931034482759
pasir ris,executive,422,pasir ris dr 6,01 to 03,151.0,maisonette,1989,63 years 11 months,912000.0,2024,12,63,35,6039.735099337749
pasir ris,executive,129,pasir ris st 11,04 to 06,151.0,maisonette,1988,63 years 01 month,918888.0,2024,12,63,36,6085.350993377483
pasir ris,executive,244,pasir ris st 21,04 to 06,145.0,apartment,1993,67 years 08 months,920000.0,2024,12,67,31,6344.827586206897
pasir ris,executive,466,pasir ris st 41,01 to 03,156.0,maisonette,1992,67 years 02 months,920088.0,2024,12,67,32,5898.0
pasir ris,executive,547,pasir ris st 51,07 to 09,143.0,apartment,1992,66 years 11 months,945000.0,2024,12,66,32,6608.391608391608
pasir ris,executive,713,pasir ris st 72,10 to 12,148.0,apartment,1996,70 years 07 months,960000.0,2024,12,70,28,6486.486486486487
pasir ris,executive,541,pasir ris st 51,04 to 06,143.0,apartment,1992,66 years 11 months,970000.0,2024,12,66,32,6783.216783216783
pasir ris,executive,500,pasir ris st 52,13 to 15,146.0,apartment,1993,68 years 02 months,970000.0,2024,12,68,31,6643.835616438356
pasir ris,executive,714,pasir ris st 72,07 to 09,146.0,apartment,1996,70 years 07 months,975000.0,2024,12,70,28,6678.082191780822
pasir ris,executive,601,elias rd,07 to 09,150.0,apartment,1995,69 years 01 month,970000.0,2025,3,69,30,6466.666666666667
pasir ris,executive,609,elias rd,13 to 15,155.0,apartment,1995,69 years 04 months,1055000.0,2025,4,69,30,6806.451612903225
pasir ris,executive,603,elias rd,01 to 03,151.0,maisonette,1995,68 years 10 months,1000000.0,2025,6,68,30,6622.516556291391
pasir ris,executive,605,elias rd,07 to 09,154.0,apartment,1995,68 years 09 months,970000.0,2025,7,68,30,6298.701298701299
pasir ris,executive,608,elias rd,04 to 06,155.0,apartment,1995,69 years 01 month,990000.0,2025,7,69,30,6387.096774193548
pasir ris,executive,607,elias rd,13 to 15,149.0,apartment,1995,69 years,988000.0,2025,8,69,30,6630.872483221477
pasir ris,executive,601,elias rd,10 to 12,154.0,apartment,1995,68 years 07 months,1100000.0,2025,9,68,30,7142.857142857143
pasir ris,executive,607,elias rd,01 to 03,155.0,apartment,1995,68 years 10 months,950000.0,2025,9,68,30,6129.032258064516
pasir ris,executive,609,elias rd,13 to 15,149.0,apartment,1995,68 years 10 months,1035000.0,2025,9,68,30,6946.3087248322145
pasir ris,executive,603,elias rd,01 to 03,149.0,maisonette,1995,68 years 05 months,1250000.0,2025,11,68,30,8389.261744966443
pasir ris,executive,609,elias rd,10 to 12,149.0,apartment,1995,68 years 08 months,978000.0,2025,12,68,30,6563.758389261745
pasir ris,executive,603,elias rd,04 to 06,150.0,maisonette,1995,68 years 04 months,990000.0,2025,12,68,30,6600.0
pasir ris,executive,536,pasir ris dr 1,10 to 12,150.0,apartment,1992,66 years 08 months,888888.88,2025,4,66,33,5925.9258666666665
pasir ris,executive,535,pasir ris dr 1,04 to 06,147.0,apartment,1992,66 years 08 months,980000.0,2025,5,66,33,6666.666666666667
pasir ris,executive,536,pasir ris dr 1,04 to 06,150.0,apartment,1992,66 years 04 months,985000.0,2025,8,66,33,6566.666666666667
pasir ris,executive,531,pasir ris dr 1,01 to 03,148.0,maisonette,1992,66 years 04 months,980000.0,2025,8,66,33,6621.621621621622
pasir ris,executive,532,pasir ris dr 1,10 to 12,149.0,apartment,1992,65 years 11 months,1075000.0,2025,11,65,33,7214.765100671141
pasir ris,executive,644,pasir ris dr 10,01 to 03,143.0,apartment,1995,69 years 10 months,875000.0,2025,1,69,30,6118.881118881119
pasir ris,executive,648,pasir ris dr 10,04 to 06,149.0,apartment,1995,69 years 08 months,850000.0,2025,1,69,30,5704.697986577181
pasir ris,executive,646,pasir ris dr 10,10 to 12,150.0,apartment,1995,69 years 09 months,933888.0,2025,2,69,30,6225.92
pasir ris,executive,646,pasir ris dr 10,10 to 12,146.0,apartment,1995,69 years 07 months,888888.0,2025,3,69,30,6088.273972602739
pasir ris,executive,649,pasir ris dr 10,04 to 06,145.0,apartment,1995,69 years 06 months,870000.0,2025,4,69,30,6000.0
pasir ris,executive,643,pasir ris dr 10,10 to 12,148.0,apartment,1995,69 years 05 months,940000.0,2025,4,69,30,6351.351351351352
pasir ris,executive,643,pasir ris dr 10,07 to 09,149.0,apartment,1995,69 years 04 months,940000.0,2025,5,69,30,6308.724832214765
pasir ris,executive,645,pasir ris dr 10,10 to 12,150.0,apartment,1995,69 years 04 months,967000.0,2025,5,69,30,6446.666666666667
pasir ris,executive,645,pasir ris dr 10,01 to 03,148.0,apartment,1995,69 years 04 months,910000.0,2025,6,69,30,6148.648648648648
pasir ris,executive,644,pasir ris dr 10,07 to 09,148.0,apartment,1995,69 years 03 months,850000.0,2025,7,69,30,5743.243243243243
pasir ris,executive,649,pasir ris dr 10,10 to 12,146.0,apartment,1995,69 years 01 month,890000.0,2025,8,69,30,6095.890410958904
pasir ris,executive,645,pasir ris dr 10,13 to 15,146.0,apartment,1995,69 years,1008000.0,2025,10,69,30,6904.109589041096
pasir ris,executive,647,pasir ris dr 10,07 to 09,148.0,apartment,1995,68 years 10 months,872000.0,2025,11,68,30,5891.891891891892
pasir ris,executive,460,pasir ris dr 4,04 to 06,142.0,apartment,1992,66 years 10 months,880000.0,2025,3,66,33,6197.183098591549
pasir ris,executive,456,pasir ris dr 4,04 to 06,146.0,apartment,1992,66 years 09 months,905000.0,2025,4,66,33,6198.630136986301
pasir ris,executive,456,pasir ris dr 4,10 to 12,142.0,apartment,1992,66 years 08 months,905000.0,2025,4,66,33,6373.239436619719
pasir ris,executive,456,pasir ris dr 4,04 to 06,148.0,apartment,1992,66 years 06 months,905000.0,2025,7,66,33,6114.864864864865
pasir ris,executive,459,pasir ris dr 4,07 to 09,146.0,apartment,1992,66 years 04 months,880000.0,2025,9,66,33,6027.397260273972
pasir ris,executive,460,pasir ris dr 4,10 to 12,142.0,apartment,1992,66 years 03 months,905000.0,2025,9,66,33,6373.239436619719
pasir ris,executive,448,pasir ris dr 6,07 to 09,154.0,maisonette,1989,64 years,1036000.0,2025,1,64,36,6727.272727272727
pasir ris,executive,448,pasir ris dr 6,01 to 03,154.0,maisonette,1989,63 years 11 months,1025000.0,2025,2,63,36,6655.8441558441555
pasir ris,executive,448,pasir ris dr 6,01 to 03,146.0,maisonette,1989,63 years 11 months,1030000.0,2025,2,63,36,7054.7945205479455
pasir ris,executive,418,pasir ris dr 6,04 to 06,146.0,maisonette,1989,63 years 02 months,878000.0,2025,3,63,36,6013.698630136986
pasir ris,executive,418,pasir ris dr 6,10 to 12,149.0,maisonette,1989,62 years 09 months,992000.0,2025,7,62,36,6657.718120805369
pasir ris,executive,454,pasir ris dr 6,04 to 06,146.0,maisonette,1989,63 years 04 months,970000.0,2025,8,63,36,6643.835616438356
pasir ris,executive,413,pasir ris dr 6,01 to 03,146.0,maisonette,1989,63 years 02 months,959000.0,2025,9,63,36,6568.493150684932
pasir ris,executive,471,pasir ris dr 6,01 to 03,147.0,maisonette,1989,62 years 10 months,946000.0,2025,10,62,36,6435.374149659864
pasir ris,executive,413,pasir ris dr 6,01 to 03,146.0,maisonette,1989,63 years 01 month,950000.0,2025,11,63,36,6506.8493150684935
pasir ris,executive,135,pasir ris st 11,01 to 03,152.0,apartment,1994,68 years 10 months,850000.0,2025,1,68,31,5592.105263157895
pasir ris,executive,128,pasir ris st 11,07 to 09,146.0,maisonette,1988,62 years 11 months,930000.0,2025,2,62,37,6369.86301369863
pasir ris,executive,129,pasir ris st 11,04 to 06,146.0,maisonette,1988,62 years 10 months,910000.0,2025,3,62,37,6232.876712328767
pasir ris,executive,128,pasir ris st 11,01 to 03,146.0,maisonette,1988,62 years 10 months,843000.0,2025,3,62,37,5773.972602739726
pasir ris,executive,137,pasir ris st 11,01 to 03,149.0,apartment,1994,68 years 02 months,831000.0,2025,3,68,31,5577.181208053691
pasir ris,executive,111,pasir ris st 11,01 to 03,145.0,maisonette,1990,64 years 01 month,920000.0,2025,4,64,35,6344.827586206897
pasir ris,executive,135,pasir ris st 11,01 to 03,152.0,apartment,1994,68 years 05 months,892000.0,2025,6,68,31,5868.421052631579
pasir ris,executive,111,pasir ris st 11,01 to 03,154.0,maisonette,1990,63 years 10 months,960000.0,2025,7,63,35,6233.766233766234
pasir ris,executive,137,pasir ris st 11,01 to 03,149.0,apartment,1994,67 years 09 months,828000.0,2025,7,67,31,5557.046979865771
pasir ris,executive,128,pasir ris st 11,04 to 06,151.0,maisonette,1988,62 years 04 months,930000.0,2025,8,62,37,6158.940397350993
pasir ris,executive,136,pasir ris st 11,01 to 03,145.0,apartment,1994,68 years 02 months,851000.0,2025,9,68,31,5868.9655172413795
pasir ris,executive,134,pasir ris st 11,07 to 09,147.0,apartment,1994,67 years 08 months,853000.0,2025,9,67,31,5802.721088435374
pasir ris,executive,134,pasir ris st 11,07 to 09,152.0,apartment,1994,67 years 05 months,835000.0,2025,12,67,31,5493.421052631579
pasir ris,executive,101,pasir ris st 12,01 to 03,146.0,maisonette,1988,62 years 09 months,920000.0,2025,3,62,37,6301.369863013699
pasir ris,executive,108,pasir ris st 12,04 to 06,146.0,maisonette,1988,62 years 06 months,920000.0,2025,4,62,37,6301.369863013699
pasir ris,executive,101,pasir ris st 12,01 to 03,146.0,maisonette,1988,62 years 03 months,925000.0,2025,9,62,37,6335.6164383561645
pasir ris,executive,101,pasir ris st 12,07 to 09,146.0,maisonette,1988,62 years 02 months,935000.0,2025,11,62,37,6404.109589041096
pasir ris,executive,101,pasir ris st 12,04 to 06,146.0,maisonette,1988,62 years,932000.0,2025,12,62,37,6383.561643835616
pasir ris,executive,155,pasir ris st 13,01 to 03,150.0,apartment,1995,69 years 02 months,768000.0,2025,1,69,30,5120.0
pasir ris,executive,155,pasir ris st 13,04 to 06,151.0,apartment,1995,68 years 09 months,835000.0,2025,6,68,30,5529.801324503312
pasir ris,executive,160,pasir ris st 13,04 to 06,149.0,apartment,1995,68 years 07 months,880000.0,2025,7,68,30,5906.040268456376
pasir ris,executive,155,pasir ris st 13,07 to 09,147.0,apartment,1995,68 years 06 months,850000.0,2025,8,68,30,5782.312925170068
pasir ris,executive,158,pasir ris st 13,01 to 03,149.0,apartment,1995,68 years 04 months,880000.0,2025,11,68,30,5906.040268456376
pasir ris,executive,244,pasir ris st 21,04 to 06,150.0,apartment,1993,67 years 08 months,964000.0,2025,1,67,32,6426.666666666667
pasir ris,executive,248,pasir ris st 21,01 to 03,150.0,apartment,1993,67 years 07 months,830000.0,2025,1,67,32,5533.333333333333
pasir ris,executive,238,pasir ris st 21,07 to 09,152.0,apartment,1993,67 years 07 months,839000.0,2025,2,67,32,5519.736842105263
pasir ris,executive,243,pasir ris st 21,07 to 09,145.0,apartment,1993,67 years 05 months,815000.0,2025,3,67,32,5620.689655172414
pasir ris,executive,246,pasir ris st 21,07 to 09,149.0,apartment,1993,67 years 05 months,882800.0,2025,3,67,32,5924.832214765101
pasir ris,executive,238,pasir ris st 21,01 to 03,146.0,apartment,1993,67 years 06 months,815000.0,2025,3,67,32,5582.191780821918
pasir ris,executive,237,pasir ris st 21,13 to 15,149.0,apartment,1993,67 years 05 months,920000.0,2025,3,67,32,6174.496644295302
pasir ris,executive,244,pasir ris st 21,07 to 09,148.0,apartment,1993,67 years 04 months,870000.0,2025,4,67,32,5878.378378378378
pasir ris,executive,235,pasir ris st 21,04 to 06,146.0,apartment,1993,67 years 04 months,840000.0,2025,4,67,32,5753.424657534247
pasir ris,executive,222,pasir ris st 21,01 to 03,150.0,apartment,1993,67 years 04 months,835000.0,2025,4,67,32,5566.666666666667
pasir ris,executive,271,pasir ris st 21,04 to 06,144.0,apartment,1994,68 years 07 months,860000.0,2025,4,68,31,5972.222222222223
pasir ris,executive,206,pasir ris st 21,10 to 12,145.0,apartment,1993,67 years 06 months,846000.0,2025,4,67,32,5834.482758620689
pasir ris,executive,269,pasir ris st 21,01 to 03,145.0,apartment,1994,68 years 05 months,830000.0,2025,5,68,31,5724.137931034483
pasir ris,executive,205,pasir ris st 21,10 to 12,148.0,apartment,1993,67 years 04 months,968000.0,2025,5,67,32,6540.540540540541
pasir ris,executive,240,pasir ris st 21,01 to 03,146.0,apartment,1993,67 years 02 months,830000.0,2025,6,67,32,5684.931506849315
pasir ris,executive,210,pasir ris st 21,04 to 06,148.0,apartment,1993,67 years 04 months,830000.0,2025,6,67,32,5608.108108108108
pasir ris,executive,247,pasir ris st 21,13 to 15,169.0,apartment,1993,67 years 02 months,1100000.0,2025,6,67,32,6508.87573964497
pasir ris,executive,208,pasir ris st 21,01 to 03,148.0,apartment,1993,67 years 04 months,838000.0,2025,6,67,32,5662.1621621621625
pasir ris,executive,238,pasir ris st 21,04 to 06,147.0,apartment,1993,67 years 02 months,835000.0,2025,6,67,32,5680.272108843537
pasir ris,executive,217,pasir ris st 21,04 to 06,147.0,apartment,1993,67 years 02 months,870000.0,2025,6,67,32,5918.367346938776
pasir ris,executive,240,pasir ris st 21,01 to 03,146.0,apartment,1993,67 years 01 month,822000.0,2025,6,67,32,5630.13698630137
pasir ris,executive,271,pasir ris st 21,01 to 03,146.0,apartment,1994,68 years 04 months,850000.0,2025,7,68,31,5821.917808219178
pasir ris,executive,238,pasir ris st 21,10 to 12,147.0,apartment,1993,67 years,888000.0,2025,8,67,32,6040.816326530612
pasir ris,executive,218,pasir ris st 21,04 to 06,149.0,apartment,1993,66 years 10 months,850000.0,2025,9,66,32,5704.697986577181
pasir ris,executive,207,pasir ris st 21,04 to 06,146.0,apartment,1993,67 years 01 month,875000.0,2025,9,67,32,5993.1506849315065
pasir ris,executive,240,pasir ris st 21,10 to 12,146.0,apartment,1993,66 years 10 months,860000.0,2025,10,66,32,5890.41095890411
pasir ris,executive,238,pasir ris st 21,10 to 12,147.0,apartment,1993,66 years 10 months,920000.0,2025,10,66,32,6258.503401360545
pasir ris,executive,240,pasir ris st 21,10 to 12,146.0,apartment,1993,66 years 09 months,800000.0,2025,10,66,32,5479.45205479452
pasir ris,executive,238,pasir ris st 21,07 to 09,146.0,apartment,1993,66 years 10 months,830000.0,2025,10,66,32,5684.931506849315
pasir ris,executive,217,pasir ris st 21,04 to 06,149.0,apartment,1993,66 years 10 months,875000.0,2025,10,66,32,5872.48322147651
pasir ris,executive,244,pasir ris st 21,04 to 06,145.0,apartment,1993,66 years 08 months,840000.0,2025,12,66,32,5793.103448275862
pasir ris,executive,239,pasir ris st 21,10 to 12,146.0,apartment,1993,66 years 08 months,905000.0,2025,12,66,32,6198.630136986301
pasir ris,executive,464,pasir ris st 41,10 to 12,147.0,apartment,1992,66 years 11 months,900000.0,2025,2,66,33,6122.448979591837
pasir ris,executive,466,pasir ris st 41,04 to 06,144.0,apartment,1992,66 years 09 months,920000.0,2025,4,66,33,6388.888888888889
pasir ris,executive,464,pasir ris st 41,01 to 03,156.0,maisonette,1992,66 years 09 months,883000.0,2025,4,66,33,5660.25641025641
pasir ris,executive,463,pasir ris st 41,07 to 09,146.0,apartment,1992,66 years 03 months,938000.0,2025,9,66,33,6424.657534246576
pasir ris,executive,547,pasir ris st 51,04 to 06,149.0,maisonette,1992,66 years 11 months,988000.0,2025,1,66,33,6630.872483221477
pasir ris,executive,544,pasir ris st 51,04 to 06,144.0,apartment,1992,66 years 06 months,910000.0,2025,7,66,33,6319.444444444444
pasir ris,executive,549,pasir ris st 51,04 to 06,148.0,maisonette,1992,66 years 05 months,980000.0,2025,7,66,33,6621.621621621622
pasir ris,executive,538,pasir ris st 51,07 to 09,143.0,apartment,1992,66 years 04 months,943000.0,2025,8,66,33,6594.4055944055945
pasir ris,executive,549,pasir ris st 51,04 to 06,157.0,maisonette,1992,66 years 03 months,1020000.0,2025,9,66,33,6496.8152866242035
pasir ris,executive,544,pasir ris st 51,10 to 12,145.0,apartment,1992,66 years 03 months,1015000.0,2025,9,66,33,7000.0
pasir ris,executive,537,pasir ris st 51,04 to 06,148.0,maisonette,1992,66 years 02 months,970000.0,2025,11,66,33,6554.054054054054
pasir ris,executive,549,pasir ris st 51,04 to 06,148.0,maisonette,1992,65 years 11 months,973000.0,2025,12,65,33,6574.324324324324
pasir ris,executive,544,pasir ris st 51,07 to 09,144.0,apartment,1992,65 years 11 months,965000.0,2025,12,65,33,6701.388888888889
pasir ris,executive,544,pasir ris st 51,01 to 03,144.0,apartment,1992,66 years,910000.0,2025,12,66,33,6319.444444444444
pasir ris,executive,504,pasir ris st 52,04 to 06,144.0,apartment,1993,67 years 10 months,880000.0,2025,1,67,32,6111.111111111111
pasir ris,executive,500,pasir ris st 52,10 to 12,146.0,apartment,1993,67 years 09 months,980000.0,2025,3,67,32,6712.328767123287
pasir ris,executive,508,pasir ris st 52,13 to 15,148.0,apartment,1993,67 years 07 months,988000.0,2025,4,67,32,6675.675675675676
pasir ris,executive,503,pasir ris st 52,13 to 15,147.0,apartment,1993,67 years 09 months,1000000.0,2025,4,67,32,6802.721088435374
pasir ris,executive,504,pasir ris st 52,07 to 09,145.0,apartment,1993,67 years 03 months,908000.0,2025,7,67,32,6262.068965517241
pasir ris,executive,504,pasir ris st 52,10 to 12,145.0,apartment,1993,67 years 02 months,1000000.0,2025,7,67,32,6896.551724137931
pasir ris,executive,500,pasir ris st 52,04 to 06,147.0,apartment,1993,67 years 05 months,948000.0,2025,8,67,32,6448.9795918367345
pasir ris,executive,509,pasir ris st 52,07 to 09,146.0,apartment,1993,67 years 01 month,998000.0,2025,8,67,32,6835.6164383561645
pasir ris,executive,501,pasir ris st 52,04 to 06,146.0,apartment,1993,67 years 05 months,980000.0,2025,8,67,32,6712.328767123287
pasir ris,executive,502,pasir ris st 52,10 to 12,146.0,apartment,1993,67 years 03 months,948000.0,2025,9,67,32,6493.1506849315065
pasir ris,executive,509,pasir ris st 52,13 to 15,148.0,apartment,1993,66 years 11 months,990888.0,2025,11,66,32,6695.189189189189
pasir ris,executive,500,pasir ris st 52,01 to 03,146.0,apartment,1993,67 years 02 months,908000.0,2025,11,67,32,6219.178082191781
pasir ris,executive,506,pasir ris st 52,01 to 03,145.0,apartment,1993,66 years 09 months,915000.0,2025,12,66,32,6310.3448275862065
pasir ris,executive,583,pasir ris st 53,04 to 06,148.0,apartment,1995,69 years 11 months,995000.0,2025,1,69,30,6722.972972972973
pasir ris,executive,586,pasir ris st 53,04 to 06,146.0,apartment,1995,69 years 10 months,990888.0,2025,1,69,30,6786.904109589041
pasir ris,executive,585,pasir ris st 53,10 to 12,151.0,maisonette,1995,69 years 09 months,1018888.0,2025,2,69,30,6747.602649006622
pasir ris,executive,585,pasir ris st 53,04 to 06,149.0,maisonette,1995,69 years 06 months,1050000.0,2025,5,69,30,7046.979865771812
pasir ris,executive,583,pasir ris st 53,01 to 03,148.0,apartment,1995,69 years 05 months,962888.0,2025,5,69,30,6506.0
pasir ris,executive,586,pasir ris st 53,01 to 03,148.0,apartment,1995,69 years 01 month,928000.0,2025,11,69,30,6270.27027027027
pasir ris,executive,581,pasir ris st 53,01 to 03,147.0,apartment,1995,68 years 11 months,925000.0,2025,12,68,30,6292.517006802721
pasir ris,executive,585,pasir ris st 53,07 to 09,145.0,maisonette,1995,68 years 10 months,1090000.0,2025,12,68,30,7517.241379310345
pasir ris,executive,781,pasir ris st 71,10 to 12,143.0,apartment,1996,70 years 07 months,960000.0,2025,2,70,29,6713.286713286713
pasir ris,executive,782,pasir ris st 71,04 to 06,143.0,apartment,1996,70 years 05 months,910000.0,2025,4,70,29,6363.636363636364
pasir ris,executive,780,pasir ris st 71,13 to 15,144.0,apartment,1996,70 years 03 months,1008888.0,2025,6,70,29,7006.166666666667
pasir ris,executive,778,pasir ris st 71,16 to 18,143.0,apartment,1996,70 years 02 months,988000.0,2025,6,70,29,6909.090909090909
pasir ris,executive,778,pasir ris st 71,01 to 03,144.0,apartment,1996,69 years 09 months,860000.0,2025,12,69,29,5972.222222222223
pasir ris,executive,717,pasir ris st 72,01 to 03,146.0,apartment,1996,70 years,880000.0,2025,6,70,29,6027.397260273972
pasir ris,executive,716,pasir ris st 72,13 to 15,148.0,apartment,1996,69 years 11 months,1020000.0,2025,7,69,29,6891.891891891892
pasir ris,executive,712,pasir ris st 72,10 to 12,146.0,apartment,1996,69 years 11 months,850000.0,2025,7,69,29,5821.917808219178
pasir ris,executive,714,pasir ris st 72,04 to 06,148.0,apartment,1996,69 years 09 months,850000.0,2025,9,69,29,5743.243243243243
pasir ris,executive,601,elias rd,10 to 12,154.0,apartment,1995,68 years 03 months,980000.0,2026,1,68,31,6363.636363636364
pasir ris,executive,604,elias rd,01 to 03,154.0,apartment,1995,68 years 01 month,850000.0,2026,3,68,31,5519.480519480519
pasir ris,executive,607,elias rd,10 to 12,149.0,apartment,1995,68 years 05 months,938000.0,2026,3,68,31,6295.302013422819
pasir ris,executive,604,elias rd,07 to 09,150.0,apartment,1995,68 years 01 month,975000.0,2026,3,68,31,6500.0
pasir ris,executive,603,elias rd,04 to 06,158.0,maisonette,1995,68 years,950000.0,2026,4,68,31,6012.658227848101
pasir ris,executive,608,elias rd,16 to 18,149.0,apartment,1995,68 years 04 months,980000.0,2026,4,68,31,6577.181208053691
pasir ris,executive,607,elias rd,04 to 06,154.0,apartment,1995,68 years 02 months,935000.0,2026,6,68,31,6071.428571428572
pasir ris,executive,607,elias rd,07 to 09,149.0,apartment,1995,68 years 02 months,928000.0,2026,6,68,31,6228.187919463087
pasir ris,executive,607,elias rd,04 to 06,149.0,apartment,1995,68 years 01 month,934000.0,2026,7,68,31,6268.456375838926
pasir ris,executive,602,elias rd,10 to 12,149.0,apartment,1995,67 years 09 months,950000.0,2026,7,67,31,6375.838926174497
pasir ris,executive,535,pasir ris dr 1,01 to 03,150.0,apartment,1992,66 years,890000.0,2026,1,66,34,5933.333333333333
pasir ris,executive,533,pasir ris dr 1,01 to 03,144.0,apartment,1992,66 years,938000.0,2026,1,66,34,6513.888888888889
pasir ris,executive,533,pasir ris dr 1,01 to 03,144.0,apartment,1992,65 years 10 months,925000.0,2026,3,65,34,6423.611111111111
pasir ris,executive,536,pasir ris dr 1,10 to 12,147.0,apartment,1992,65 years 10 months,1088888.0,2026,3,65,34,7407.401360544218
pasir ris,executive,531,pasir ris dr 1,07 to 09,149.0,maisonette,1992,65 years 09 months,1260000.0,2026,3,65,34,8456.375838926175
pasir ris,executive,531,pasir ris dr 1,01 to 03,147.0,maisonette,1992,65 years 07 months,1008000.0,2026,5,65,34,6857.142857142857
pasir ris,executive,648,pasir ris dr 10,07 to 09,149.0,apartment,1995,68 years 08 months,899000.0,2026,1,68,31,6033.557046979866
pasir ris,executive,648,pasir ris dr 10,01 to 03,149.0,apartment,1995,68 years 07 months,872000.0,2026,1,68,31,5852.3489932885905
pasir ris,executive,642,pasir ris dr 10,01 to 03,149.0,apartment,1995,68 years 07 months,860000.0,2026,1,68,31,5771.812080536913
pasir ris,executive,644,pasir ris dr 10,10 to 12,143.0,apartment,1995,68 years 07 months,920000.0,2026,2,68,31,6433.566433566433
pasir ris,executive,651,pasir ris dr 10,04 to 06,143.0,apartment,1995,68 years 06 months,872000.0,2026,3,68,31,6097.902097902098
pasir ris,executive,646,pasir ris dr 10,01 to 03,147.0,apartment,1995,68 years 06 months,930000.0,2026,4,68,31,6326.530612244898
pasir ris,executive,647,pasir ris dr 10,04 to 06,150.0,apartment,1995,68 years 04 months,890000.0,2026,4,68,31,5933.333333333333
pasir ris,executive,645,pasir ris dr 10,04 to 06,148.0,apartment,1995,68 years 05 months,860000.0,2026,5,68,31,5810.810810810811
pasir ris,executive,644,pasir ris dr 10,01 to 03,149.0,apartment,1995,68 years 04 months,865000.0,2026,6,68,31,5805.3691275167785
pasir ris,executive,651,pasir ris dr 10,10 to 12,143.0,apartment,1995,68 years 03 months,920000.0,2026,7,68,31,6433.566433566433
pasir ris,executive,460,pasir ris dr 4,07 to 09,144.0,apartment,1992,66 years,900000.0,2026,1,66,34,6250.0
pasir ris,executive,456,pasir ris dr 4,04 to 06,143.0,apartment,1992,65 years 10 months,900000.0,2026,3,65,34,6293.706293706294
pasir ris,executive,447,pasir ris dr 6,01 to 03,155.0,maisonette,1989,62 years 11 months,1055000.0,2026,1,62,37,6806.451612903225
pasir ris,executive,408,pasir ris dr 6,10 to 12,147.0,maisonette,1990,63 years 02 months,975000.0,2026,2,63,36,6632.65306122449
pasir ris,executive,449,pasir ris dr 6,01 to 03,146.0,maisonette,1989,62 years 07 months,1000000.0,2026,4,62,37,6849.315068493151
pasir ris,executive,454,pasir ris dr 6,04 to 06,146.0,maisonette,1989,62 years 07 months,970000.0,2026,4,62,37,6643.835616438356
pasir ris,executive,422,pasir ris dr 6,10 to 12,151.0,maisonette,1989,62 years 05 months,1025000.0,2026,6,62,37,6788.079470198675
pasir ris,executive,129,pasir ris st 11,07 to 09,146.0,maisonette,1988,61 years 09 months,915000.0,2026,3,61,38,6267.123287671233
pasir ris,executive,128,pasir ris st 11,01 to 03,146.0,maisonette,1988,61 years 08 months,870000.0,2026,3,61,38,5958.904109589041
pasir ris,executive,111,pasir ris st 11,01 to 03,145.0,maisonette,1990,63 years 01 month,905000.0,2026,4,63,36,6241.379310344828
pasir ris,executive,133,pasir ris st 11,07 to 09,147.0,apartment,1994,67 years 05 months,875000.0,2026,6,67,32,5952.380952380952
pasir ris,executive,134,pasir ris st 11,01 to 03,149.0,apartment,1994,66 years 11 months,825000.0,2026,6,66,32,5536.912751677853
pasir ris,executive,120,pasir ris st 11,01 to 03,145.0,maisonette,1988,61 years 02 months,940000.0,2026,6,61,38,6482.758620689655
pasir ris,executive,129,pasir ris st 11,01 to 03,151.0,maisonette,1988,61 years 05 months,900000.0,2026,6,61,38,5960.264900662251
pasir ris,executive,135,pasir ris st 11,04 to 06,149.0,apartment,1994,67 years 04 months,823800.0,2026,7,67,32,5528.859060402685
pasir ris,executive,101,pasir ris st 12,01 to 03,149.0,maisonette,1988,61 years 06 months,850000.0,2026,6,61,38,5704.697986577181
pasir ris,executive,101,pasir ris st 12,10 to 12,149.0,maisonette,1988,61 years 05 months,950000.0,2026,7,61,38,6375.838926174497
pasir ris,executive,101,pasir ris st 12,01 to 03,146.0,maisonette,1988,61 years 04 months,870000.0,2026,7,61,38,5958.904109589041
pasir ris,executive,101,pasir ris st 12,10 to 12,146.0,maisonette,1988,61 years 04 months,930000.0,2026,7,61,38,6369.86301369863
pasir ris,executive,160,pasir ris st 13,04 to 06,148.0,apartment,1995,67 years 11 months,860000.0,2026,4,67,31,5810.810810810811
pasir ris,executive,155,pasir ris st 13,04 to 06,151.0,apartment,1995,67 years 09 months,870000.0,2026,6,67,31,5761.58940397351
pasir ris,executive,153,pasir ris st 13,07 to 09,144.0,apartment,1995,67 years 07 months,858000.0,2026,7,67,31,5958.333333333333
pasir ris,executive,161,pasir ris st 13,04 to 06,150.0,apartment,1995,67 years 07 months,828000.0,2026,7,67,31,5520.0
pasir ris,executive,221,pasir ris st 21,07 to 09,148.0,apartment,1993,66 years 07 months,850000.0,2026,1,66,33,5743.243243243243
pasir ris,executive,221,pasir ris st 21,07 to 09,146.0,apartment,1993,66 years 07 months,860000.0,2026,1,66,33,5890.41095890411
pasir ris,executive,203,pasir ris st 21,01 to 03,146.0,apartment,1993,66 years 07 months,930000.0,2026,3,66,33,6369.86301369863
pasir ris,executive,224,pasir ris st 21,01 to 03,149.0,apartment,1993,66 years 05 months,800000.0,2026,3,66,33,5369.127516778523
pasir ris,executive,269,pasir ris st 21,01 to 03,143.0,apartment,1994,67 years 08 months,845000.0,2026,3,67,32,5909.090909090909
pasir ris,executive,243,pasir ris st 21,13 to 15,148.0,apartment,1993,66 years 05 months,948000.0,2026,3,66,33,6405.405405405405
pasir ris,executive,208,pasir ris st 21,07 to 09,149.0,apartment,1993,66 years 05 months,835000.0,2026,5,66,33,5604.026845637584
pasir ris,executive,210,pasir ris st 21,01 to 03,148.0,apartment,1993,66 years 05 months,840000.0,2026,5,66,33,5675.675675675676
pasir ris,executive,250,pasir ris st 21,04 to 06,145.0,apartment,1993,66 years 03 months,835000.0,2026,5,66,33,5758.620689655172
pasir ris,executive,242,pasir ris st 21,13 to 15,145.0,apartment,1993,66 years 03 months,888888.0,2026,5,66,33,6130.262068965517
pasir ris,executive,238,pasir ris st 21,04 to 06,147.0,apartment,1993,66 years 03 months,845000.0,2026,5,66,33,5748.299319727891
pasir ris,executive,236,pasir ris st 21,13 to 15,146.0,apartment,1993,66 years 02 months,872000.0,2026,5,66,33,5972.602739726028
pasir ris,executive,219,pasir ris st 21,01 to 03,150.0,apartment,1993,66 years 02 months,834000.0,2026,5,66,33,5560.0
pasir ris,executive,207,pasir ris st 21,01 to 03,149.0,apartment,1993,66 years 04 months,918000.0,2026,5,66,33,6161.073825503356
pasir ris,executive,205,pasir ris st 21,01 to 03,147.0,apartment,1993,66 years 04 months,908000.0,2026,6,66,33,6176.8707482993195
pasir ris,executive,219,pasir ris st 21,07 to 09,148.0,apartment,1993,66 years 02 months,856000.0,2026,6,66,33,5783.783783783784
pasir ris,executive,243,pasir ris st 21,01 to 03,148.0,apartment,1993,66 years 02 months,900000.0,2026,6,66,33,6081.081081081081
pasir ris,executive,248,pasir ris st 21,07 to 09,147.0,apartment,1993,66 years 02 months,910000.0,2026,6,66,33,6190.476190476191
pasir ris,executive,240,pasir ris st 21,10 to 12,146.0,apartment,1993,66 years 01 month,880000.0,2026,7,66,33,6027.397260273972
pasir ris,executive,239,pasir ris st 21,01 to 03,159.0,apartment,1993,66 years 01 month,898000.0,2026,7,66,33,5647.798742138365
pasir ris,executive,222,pasir ris st 21,04 to 06,149.0,apartment,1993,66 years 01 month,770000.0,2026,7,66,33,5167.785234899329
pasir ris,executive,220,pasir ris st 21,10 to 12,148.0,apartment,1993,66 years 01 month,888000.0,2026,7,66,33,6000.0
pasir ris,executive,208,pasir ris st 21,07 to 09,148.0,apartment,1993,66 years 03 months,825000.0,2026,7,66,33,5574.324324324324
pasir ris,executive,251,pasir ris st 21,07 to 09,150.0,apartment,1993,66 years 01 month,875000.0,2026,7,66,33,5833.333333333333
pasir ris,executive,237,pasir ris st 21,01 to 03,149.0,apartment,1993,66 years,840000.0,2026,7,66,33,5637.583892617449
pasir ris,executive,248,pasir ris st 21,07 to 09,146.0,apartment,1993,66 years 01 month,870888.0,2026,7,66,33,5964.986301369863
pasir ris,executive,466,pasir ris st 41,07 to 09,146.0,apartment,1992,66 years,920000.0,2026,1,66,34,6301.369863013699
pasir ris,executive,466,pasir ris st 41,07 to 09,148.0,maisonette,1992,65 years 10 months,940888.0,2026,3,65,34,6357.351351351352
pasir ris,executive,463,pasir ris st 41,04 to 06,144.0,apartment,1992,65 years 09 months,860000.0,2026,3,65,34,5972.222222222223
pasir ris,executive,466,pasir ris st 41,04 to 06,148.0,maisonette,1992,65 years 08 months,945000.0,2026,5,65,34,6385.135135135135
pasir ris,executive,463,pasir ris st 41,04 to 06,146.0,apartment,1992,65 years 07 months,860000.0,2026,6,65,34,5890.41095890411
pasir ris,executive,466,pasir ris st 41,01 to 03,148.0,maisonette,1992,65 years 05 months,925888.0,2026,8,65,34,6256.0
pasir ris,executive,537,pasir ris st 51,01 to 03,141.0,apartment,1992,66 years,955000.0,2026,1,66,34,6773.0496453900705
pasir ris,executive,541,pasir ris st 51,10 to 12,143.0,apartment,1992,66 years,980000.0,2026,1,66,34,6853.146853146854
pasir ris,executive,543,pasir ris st 51,04 to 06,143.0,apartment,1992,65 years 11 months,918000.0,2026,2,65,34,6419.580419580419
pasir ris,executive,537,pasir ris st 51,04 to 06,149.0,maisonette,1992,65 years 07 months,965000.0,2026,6,65,34,6476.5100671140935
pasir ris,executive,544,pasir ris st 51,04 to 06,144.0,apartment,1992,65 years 06 months,920000.0,2026,6,65,34,6388.888888888889
pasir ris,executive,550,pasir ris st 51,07 to 09,144.0,apartment,1992,65 years 06 months,950000.0,2026,7,65,34,6597.222222222223
pasir ris,executive,544,pasir ris st 51,04 to 06,143.0,apartment,1992,65 years 06 months,940000.0,2026,7,65,34,6573.426573426574
pasir ris,executive,547,pasir ris st 51,01 to 03,148.0,maisonette,1992,65 years 05 months,930000.0,2026,7,65,34,6283.783783783784
pasir ris,executive,502,pasir ris st 52,10 to 12,145.0,apartment,1993,67 years,932000.0,2026,1,67,33,6427.586206896552
pasir ris,executive,505,pasir ris st 52,10 to 12,145.0,apartment,1993,66 years 09 months,900000.0,2026,1,66,33,6206.896551724138
pasir ris,executive,505,pasir ris st 52,10 to 12,146.0,apartment,1993,66 years 07 months,950000.0,2026,2,66,33,6506.8493150684935
pasir ris,executive,501,pasir ris st 52,13 to 15,146.0,apartment,1993,66 years 10 months,1000000.0,2026,2,66,33,6849.315068493151
pasir ris,executive,506,pasir ris st 52,04 to 06,145.0,apartment,1993,66 years 07 months,930000.0,2026,2,66,33,6413.793103448276
pasir ris,executive,508,pasir ris st 52,07 to 09,145.0,apartment,1993,66 years 05 months,950000.0,2026,4,66,33,6551.724137931034
pasir ris,executive,504,pasir ris st 52,10 to 12,150.0,apartment,1993,66 years 05 months,1000000.0,2026,5,66,33,6666.666666666667
pasir ris,executive,510,pasir ris st 52,16 to 18,146.0,apartment,1993,66 years 04 months,1088000.0,2026,6,66,33,7452.054794520548
pasir ris,executive,508,pasir ris st 52,04 to 06,145.0,apartment,1993,66 years 04 months,930000.0,2026,6,66,33,6413.793103448276
pasir ris,executive,504,pasir ris st 52,04 to 06,145.0,apartment,1993,66 years 03 months,898888.0,2026,6,66,33,6199.227586206896
pasir ris,executive,580,pasir ris st 53,07 to 09,145.0,apartment,1995,68 years 11 months,976000.0,2026,1,68,31,6731.0344827586205
pasir ris,executive,582,pasir ris st 53,07 to 09,148.0,apartment,1995,68 years 10 months,995000.0,2026,1,68,31,6722.972972972973
pasir ris,executive,578,pasir ris st 53,04 to 06,148.0,apartment,1995,68 years 09 months,968000.0,2026,1,68,31,6540.540540540541
pasir ris,executive,584,pasir ris st 53,10 to 12,147.0,apartment,1995,68 years 07 months,996888.0,2026,4,68,31,6781.551020408163
pasir ris,executive,579,pasir ris st 53,01 to 03,145.0,apartment,1995,68 years 03 months,920000.0,2026,7,68,31,6344.827586206897
pasir ris,executive,782,pasir ris st 71,13 to 15,143.0,apartment,1996,69 years 07 months,980888.0,2026,2,69,30,6859.356643356643
pasir ris,executive,778,pasir ris st 71,04 to 06,143.0,apartment,1996,69 years 05 months,860000.0,2026,3,69,30,6013.986013986014
pasir ris,executive,780,pasir ris st 71,04 to 06,143.0,apartment,1996,69 years 02 months,950000.0,2026,7,69,30,6643.356643356643
pasir ris,executive,711,pasir ris st 72,10 to 12,152.0,maisonette,1996,69 years 03 months,1080000.0,2026,4,69,30,7105.263157894737
pasir ris,executive,713,pasir ris st 72,10 to 12,146.0,apartment,1996,69 years 02 months,950000.0,2026,5,69,30,6506.8493150684935
pasir ris,executive,716,pasir ris st 72,07 to 09,147.0,apartment,1996,69 years 01 month,900000.0,2026,5,69,30,6122.448979591837
pasir ris,executive,711,pasir ris st 72,10 to 12,145.0,maisonette,1996,69 years 01 month,950000.0,2026,6,69,30,6551.724137931034
pasir ris,executive,710,pasir ris st 72,07 to 09,146.0,apartment,1996,69 years,888000.0,2026,7,69,30,6082.191780821918
pasir ris,executive,717,pasir ris st 72,10 to 12,148.0,apartment,1996,69 years,975000.0,2026,7,69,30,6587.8378378378375
